{
  "parameters": {
    "beam_energy_mev": 11.0,
    "beam_current_ua": 10.0,
    "target_composition": {
      "Pb-208": 0.8,
      "Bi-209": 0.15,
      "Tl-203": 0.05
    },
    "target_mass_g": 4.0,
    "irradiation_time_s": 84085.97288724437
  },
  "results": {
    "total_reactions": 104939294163,
    "gold_atoms_produced": 843093,
    "energy_deposited_mev": 8657491768470.678
  },
  "simulation_info": {
    "name": "sweep_174",
    "timestamp": 1750391561.3724554,
    "duration_s": 8.153915405273438e-05
  }
}