{
  "parameters": {
    "beam_energy_mev": 17.0,
    "beam_current_ua": 10.0,
    "target_composition": {
      "Pb-208": 0.8,
      "Bi-209": 0.15,
      "Tl-203": 0.05
    },
    "target_mass_g": 4.0,
    "irradiation_time_s": 19640.14121220667
  },
  "results": {
    "total_reactions": 24510896232,
    "gold_atoms_produced": 55803,
    "energy_deposited_mev": 3125139269686.3247
  },
  "simulation_info": {
    "name": "sweep_888",
    "timestamp": 1750391564.5120232,
    "duration_s": 6.747245788574219e-05
  }
}