{
  "parameters": {
    "beam_energy_mev": 12.5,
    "beam_current_ua": 10.0,
    "target_composition": {
      "Pb-208": 1.0
    },
    "target_mass_g": 4.0,
    "irradiation_time_s": 15412.796635389815
  },
  "results": {
    "total_reactions": 19235170200,
    "gold_atoms_produced": 67313,
    "energy_deposited_mev": 1803297206340.6082
  },
  "simulation_info": {
    "name": "sweep_307",
    "timestamp": 1750391562.1209679,
    "duration_s": 5.888938903808594e-05
  }
}