{
  "parameters": {
    "beam_energy_mev": 19.0,
    "beam_current_ua": 10.0,
    "target_composition": {
      "Pb-208": 1.0
    },
    "target_mass_g": 4.0,
    "irradiation_time_s": 173985.48858858307
  },
  "results": {
    "total_reactions": 217133889758,
    "gold_atoms_produced": 2646122,
    "energy_deposited_mev": 30941579290593.61
  },
  "simulation_info": {
    "name": "sweep_1097",
    "timestamp": 1750391565.366443,
    "duration_s": 9.107589721679688e-05
  }
}