{
  "parameters": {
    "beam_energy_mev": 15.0,
    "beam_current_ua": 10.0,
    "target_composition": {
      "Pb-208": 0.8,
      "Bi-209": 0.15,
      "Tl-203": 0.05
    },
    "target_mass_g": 4.0,
    "irradiation_time_s": 40638.164100648806
  },
  "results": {
    "total_reactions": 50716428797,
    "gold_atoms_produced": 441200,
    "energy_deposited_mev": 5705598239731.092
  },
  "simulation_info": {
    "name": "sweep_651",
    "timestamp": 1750391563.5601962,
    "duration_s": 5.841255187988281e-05
  }
}