{
  "parameters": {
    "beam_energy_mev": 13.0,
    "beam_current_ua": 10.0,
    "target_composition": {
      "Pb-208": 1.0
    },
    "target_mass_g": 4.0,
    "irradiation_time_s": 51784.19597835586
  },
  "results": {
    "total_reactions": 64626676580,
    "gold_atoms_produced": 893881,
    "energy_deposited_mev": 6301100966646.341
  },
  "simulation_info": {
    "name": "sweep_372",
    "timestamp": 1750391562.391057,
    "duration_s": 7.319450378417969e-05
  }
}