{
  "parameters": {
    "beam_energy_mev": 11.0,
    "beam_current_ua": 10.0,
    "target_composition": {
      "Pb-208": 1.0
    },
    "target_mass_g": 4.0,
    "irradiation_time_s": 25026.94066239218
  },
  "results": {
    "total_reactions": 31233621946,
    "gold_atoms_produced": 86583,
    "energy_deposited_mev": 2576773810599.898
  },
  "simulation_info": {
    "name": "sweep_129",
    "timestamp": 1750391561.2003086,
    "duration_s": 4.3392181396484375e-05
  }
}