{
  "parameters": {
    "beam_energy_mev": 18.5,
    "beam_current_ua": 10.0,
    "target_composition": {
      "Pb-208": 0.9,
      "Bi-209": 0.1
    },
    "target_mass_g": 4.0,
    "irradiation_time_s": 84085.97288724437
  },
  "results": {
    "total_reactions": 104939294163,
    "gold_atoms_produced": 671123,
    "energy_deposited_mev": 14560327065155.23
  },
  "simulation_info": {
    "name": "sweep_1054",
    "timestamp": 1750391565.1862922,
    "duration_s": 6.437301635742188e-05
  }
}