{
  "parameters": {
    "beam_energy_mev": 19.5,
    "beam_current_ua": 10.0,
    "target_composition": {
      "Pb-208": 0.8,
      "Bi-209": 0.15,
      "Tl-203": 0.05
    },
    "target_mass_g": 4.0,
    "irradiation_time_s": 51784.19597835586
  },
  "results": {
    "total_reactions": 64626676580,
    "gold_atoms_produced": 185433,
    "energy_deposited_mev": 9451651449969.51
  },
  "simulation_info": {
    "name": "sweep_1192",
    "timestamp": 1750391565.7593577,
    "duration_s": 9.298324584960938e-05
  }
}