{
  "parameters": {
    "beam_energy_mev": 11.0,
    "beam_current_ua": 10.0,
    "target_composition": {
      "Pb-208": 0.9,
      "Bi-209": 0.1
    },
    "target_mass_g": 4.0,
    "irradiation_time_s": 40638.164100648806
  },
  "results": {
    "total_reactions": 50716428797,
    "gold_atoms_produced": 214988,
    "energy_deposited_mev": 4184105375802.8
  },
  "simulation_info": {
    "name": "sweep_151",
    "timestamp": 1750391561.2691717,
    "duration_s": 4.506111145019531e-05
  }
}