{
  "parameters": {
    "beam_energy_mev": 17.5,
    "beam_current_ua": 10.0,
    "target_composition": {
      "Pb-208": 1.0
    },
    "target_mass_g": 4.0,
    "irradiation_time_s": 31891.20445476297
  },
  "results": {
    "total_reactions": 39800223159,
    "gold_atoms_produced": 140186,
    "energy_deposited_mev": 5223779289690.173
  },
  "simulation_info": {
    "name": "sweep_910",
    "timestamp": 1750391564.591209,
    "duration_s": 5.7220458984375e-05
  }
}