{
  "parameters": {
    "beam_energy_mev": 11.0,
    "beam_current_ua": 10.0,
    "target_composition": {
      "Pb-208": 1.0
    },
    "target_mass_g": 4.0,
    "irradiation_time_s": 12095.345830621614
  },
  "results": {
    "total_reactions": 15094991596,
    "gold_atoms_produced": 20223,
    "energy_deposited_mev": 1245336806720.801
  },
  "simulation_info": {
    "name": "sweep_126",
    "timestamp": 1750391561.1911201,
    "duration_s": 3.5762786865234375e-05
  }
}