{
  "parameters": {
    "beam_energy_mev": 10.0,
    "beam_current_ua": 10.0,
    "target_composition": {
      "Pb-208": 1.0
    },
    "target_mass_g": 4.0,
    "irradiation_time_s": 7448.897092013243
  },
  "results": {
    "total_reactions": 9296223570,
    "gold_atoms_produced": 4838,
    "energy_deposited_mev": 697216767812.4393
  },
  "simulation_info": {
    "name": "sweep_004",
    "timestamp": 1750391560.7312346,
    "duration_s": 6.079673767089844e-05
  }
}