{
  "parameters": {
    "beam_energy_mev": 14.5,
    "beam_current_ua": 10.0,
    "target_composition": {
      "Pb-208": 0.9,
      "Bi-209": 0.1
    },
    "target_mass_g": 4.0,
    "irradiation_time_s": 4587.389948531281
  },
  "results": {
    "total_reactions": 5725062655,
    "gold_atoms_produced": 6938,
    "energy_deposited_mev": 622600563814.6654
  },
  "simulation_info": {
    "name": "sweep_562",
    "timestamp": 1750391563.2507448,
    "duration_s": 6.604194641113281e-05
  }
}