{
  "parameters": {
    "beam_energy_mev": 16.5,
    "beam_current_ua": 10.0,
    "target_composition": {
      "Pb-208": 1.0
    },
    "target_mass_g": 4.0,
    "irradiation_time_s": 173985.48858858307
  },
  "results": {
    "total_reactions": 217133889758,
    "gold_atoms_produced": 5565220,
    "energy_deposited_mev": 26870318857620.77
  },
  "simulation_info": {
    "name": "sweep_797",
    "timestamp": 1750391564.1272776,
    "duration_s": 4.696846008300781e-05
  }
}