{
  "parameters": {
    "beam_energy_mev": 20.0,
    "beam_current_ua": 10.0,
    "target_composition": {
      "Pb-208": 1.0
    },
    "target_mass_g": 4.0,
    "irradiation_time_s": 12095.345830621614
  },
  "results": {
    "total_reactions": 15094991596,
    "gold_atoms_produced": 9047,
    "energy_deposited_mev": 2264248739492.3657
  },
  "simulation_info": {
    "name": "sweep_1206",
    "timestamp": 1750391565.8134103,
    "duration_s": 0.00013780593872070312
  }
}