{
  "parameters": {
    "beam_energy_mev": 13.5,
    "beam_current_ua": 10.0,
    "target_composition": {
      "Pb-208": 0.8,
      "Bi-209": 0.15,
      "Tl-203": 0.05
    },
    "target_mass_g": 4.0,
    "irradiation_time_s": 19640.14121220667
  },
  "results": {
    "total_reactions": 24510896232,
    "gold_atoms_produced": 121697,
    "energy_deposited_mev": 2481728243574.4336
  },
  "simulation_info": {
    "name": "sweep_468",
    "timestamp": 1750391562.8274972,
    "duration_s": 5.435943603515625e-05
  }
}