{
  "parameters": {
    "beam_energy_mev": 14.5,
    "beam_current_ua": 10.0,
    "target_composition": {
      "Pb-208": 1.0
    },
    "target_mass_g": 4.0,
    "irradiation_time_s": 221705.35598376938
  },
  "results": {
    "total_reactions": 276688284267,
    "gold_atoms_produced": 17219555,
    "energy_deposited_mev": 30089850914117.176
  },
  "simulation_info": {
    "name": "sweep_558",
    "timestamp": 1750391563.2359767,
    "duration_s": 5.7697296142578125e-05
  }
}