{
  "parameters": {
    "beam_energy_mev": 12.0,
    "beam_current_ua": 10.0,
    "target_composition": {
      "Pb-208": 0.8,
      "Bi-209": 0.15,
      "Tl-203": 0.05
    },
    "target_mass_g": 4.0,
    "irradiation_time_s": 9491.94323542929
  },
  "results": {
    "total_reactions": 11845945157,
    "gold_atoms_produced": 17588,
    "energy_deposited_mev": 1066135064203.4176
  },
  "simulation_info": {
    "name": "sweep_285",
    "timestamp": 1750391562.0235665,
    "duration_s": 4.982948303222656e-05
  }
}