{
  "parameters": {
    "beam_energy_mev": 18.0,
    "beam_current_ua": 10.0,
    "target_composition": {
      "Pb-208": 0.9,
      "Bi-209": 0.1
    },
    "target_mass_g": 4.0,
    "irradiation_time_s": 9491.94323542929
  },
  "results": {
    "total_reactions": 11845945157,
    "gold_atoms_produced": 9955,
    "energy_deposited_mev": 1599202596305.1262
  },
  "simulation_info": {
    "name": "sweep_985",
    "timestamp": 1750391564.922656,
    "duration_s": 5.7220458984375e-05
  }
}