{
  "parameters": {
    "beam_energy_mev": 20.0,
    "beam_current_ua": 10.0,
    "target_composition": {
      "Pb-208": 1.0
    },
    "target_mass_g": 4.0,
    "irradiation_time_s": 360000.0
  },
  "results": {
    "total_reactions": 449279999999,
    "gold_atoms_produced": 8014725,
    "energy_deposited_mev": 67391999999999.984
  },
  "simulation_info": {
    "name": "sweep_1220",
    "timestamp": 1750391565.9752629,
    "duration_s": 9.226799011230469e-05
  }
}