{
  "parameters": {
    "beam_energy_mev": 12.5,
    "beam_current_ua": 10.0,
    "target_composition": {
      "Pb-208": 0.9,
      "Bi-209": 0.1
    },
    "target_mass_g": 4.0,
    "irradiation_time_s": 4587.389948531281
  },
  "results": {
    "total_reactions": 5725062655,
    "gold_atoms_produced": 5610,
    "energy_deposited_mev": 536724623978.1598
  },
  "simulation_info": {
    "name": "sweep_322",
    "timestamp": 1750391562.1837075,
    "duration_s": 9.703636169433594e-05
  }
}