{
  "parameters": {
    "beam_energy_mev": 11.0,
    "beam_current_ua": 10.0,
    "target_composition": {
      "Pb-208": 0.9,
      "Bi-209": 0.1
    },
    "target_mass_g": 4.0,
    "irradiation_time_s": 4587.389948531281
  },
  "results": {
    "total_reactions": 5725062655,
    "gold_atoms_produced": 2739,
    "energy_deposited_mev": 472317669100.78064
  },
  "simulation_info": {
    "name": "sweep_142",
    "timestamp": 1750391561.2405164,
    "duration_s": 4.9114227294921875e-05
  }
}