{
  "parameters": {
    "beam_energy_mev": 15.0,
    "beam_current_ua": 10.0,
    "target_composition": {
      "Pb-208": 0.9,
      "Bi-209": 0.1
    },
    "target_mass_g": 4.0,
    "irradiation_time_s": 25026.94066239218
  },
  "results": {
    "total_reactions": 31233621946,
    "gold_atoms_produced": 175849,
    "energy_deposited_mev": 3513782468999.862
  },
  "simulation_info": {
    "name": "sweep_629",
    "timestamp": 1750391563.4905138,
    "duration_s": 5.4836273193359375e-05
  }
}