{
  "parameters": {
    "beam_energy_mev": 14.0,
    "beam_current_ua": 10.0,
    "target_composition": {
      "Pb-208": 0.9,
      "Bi-209": 0.1
    },
    "target_mass_g": 4.0,
    "irradiation_time_s": 40638.164100648806
  },
  "results": {
    "total_reactions": 50716428797,
    "gold_atoms_produced": 521579,
    "energy_deposited_mev": 5325225023749.019
  },
  "simulation_info": {
    "name": "sweep_511",
    "timestamp": 1750391563.0090926,
    "duration_s": 8.58306884765625e-05
  }
}