{
  "parameters": {
    "beam_energy_mev": 19.0,
    "beam_current_ua": 10.0,
    "target_composition": {
      "Pb-208": 1.0
    },
    "target_mass_g": 4.0,
    "irradiation_time_s": 7448.897092013243
  },
  "results": {
    "total_reactions": 9296223570,
    "gold_atoms_produced": 4850,
    "energy_deposited_mev": 1324711858843.635
  },
  "simulation_info": {
    "name": "sweep_1084",
    "timestamp": 1750391565.3059676,
    "duration_s": 7.200241088867188e-05
  }
}