{
  "parameters": {
    "beam_energy_mev": 11.5,
    "beam_current_ua": 10.0,
    "target_composition": {
      "Pb-208": 0.8,
      "Bi-209": 0.15,
      "Tl-203": 0.05
    },
    "target_mass_g": 4.0,
    "irradiation_time_s": 5845.596261079398
  },
  "results": {
    "total_reactions": 7295304133,
    "gold_atoms_produced": 5215,
    "energy_deposited_mev": 629219981542.5863
  },
  "simulation_info": {
    "name": "sweep_223",
    "timestamp": 1750391561.7555056,
    "duration_s": 8.869171142578125e-05
  }
}