{
  "parameters": {
    "beam_energy_mev": 14.0,
    "beam_current_ua": 10.0,
    "target_composition": {
      "Pb-208": 0.8,
      "Bi-209": 0.15,
      "Tl-203": 0.05
    },
    "target_mass_g": 4.0,
    "irradiation_time_s": 7448.897092013243
  },
  "results": {
    "total_reactions": 9296223570,
    "gold_atoms_produced": 16631,
    "energy_deposited_mev": 976103474937.4153
  },
  "simulation_info": {
    "name": "sweep_524",
    "timestamp": 1750391563.0852003,
    "duration_s": 9.918212890625e-05
  }
}