{
  "parameters": {
    "beam_energy_mev": 20.0,
    "beam_current_ua": 10.0,
    "target_composition": {
      "Pb-208": 1.0
    },
    "target_mass_g": 4.0,
    "irradiation_time_s": 4587.389948531281
  },
  "results": {
    "total_reactions": 5725062655,
    "gold_atoms_produced": 1301,
    "energy_deposited_mev": 858759398365.0558
  },
  "simulation_info": {
    "name": "sweep_1202",
    "timestamp": 1750391565.8001072,
    "duration_s": 6.651878356933594e-05
  }
}