{
  "parameters": {
    "beam_energy_mev": 12.0,
    "beam_current_ua": 10.0,
    "target_composition": {
      "Pb-208": 0.9,
      "Bi-209": 0.1
    },
    "target_mass_g": 4.0,
    "irradiation_time_s": 65987.30558996768
  },
  "results": {
    "total_reactions": 82352157376,
    "gold_atoms_produced": 928644,
    "energy_deposited_mev": 7411694163865.169
  },
  "simulation_info": {
    "name": "sweep_273",
    "timestamp": 1750391561.9745188,
    "duration_s": 0.00010037422180175781
  }
}