{
  "parameters": {
    "beam_energy_mev": 15.0,
    "beam_current_ua": 10.0,
    "target_composition": {
      "Pb-208": 0.8,
      "Bi-209": 0.15,
      "Tl-203": 0.05
    },
    "target_mass_g": 4.0,
    "irradiation_time_s": 107148.65189872745
  },
  "results": {
    "total_reactions": 133721517569,
    "gold_atoms_produced": 3067196,
    "energy_deposited_mev": 15043670726581.33
  },
  "simulation_info": {
    "name": "sweep_655",
    "timestamp": 1750391563.5742264,
    "duration_s": 9.036064147949219e-05
  }
}