{
  "parameters": {
    "beam_energy_mev": 19.5,
    "beam_current_ua": 10.0,
    "target_composition": {
      "Pb-208": 0.9,
      "Bi-209": 0.1
    },
    "target_mass_g": 4.0,
    "irradiation_time_s": 136536.84686636098
  },
  "results": {
    "total_reactions": 170397984889,
    "gold_atoms_produced": 1274942,
    "energy_deposited_mev": 24920705290048.2
  },
  "simulation_info": {
    "name": "sweep_1176",
    "timestamp": 1750391565.6672366,
    "duration_s": 7.224082946777344e-05
  }
}