{
  "parameters": {
    "beam_energy_mev": 18.5,
    "beam_current_ua": 10.0,
    "target_composition": {
      "Pb-208": 0.9,
      "Bi-209": 0.1
    },
    "target_mass_g": 4.0,
    "irradiation_time_s": 40638.164100648806
  },
  "results": {
    "total_reactions": 50716428797,
    "gold_atoms_produced": 156755,
    "energy_deposited_mev": 7036904495668.345
  },
  "simulation_info": {
    "name": "sweep_1051",
    "timestamp": 1750391565.1747754,
    "duration_s": 4.982948303222656e-05
  }
}