{
  "parameters": {
    "beam_energy_mev": 10.0,
    "beam_current_ua": 10.0,
    "target_composition": {
      "Pb-208": 1.0
    },
    "target_mass_g": 4.0,
    "irradiation_time_s": 360000.0
  },
  "results": {
    "total_reactions": 449279999999,
    "gold_atoms_produced": 11301501,
    "energy_deposited_mev": 33695999999999.992
  },
  "simulation_info": {
    "name": "sweep_020",
    "timestamp": 1750391560.8093307,
    "duration_s": 4.172325134277344e-05
  }
}