{
  "parameters": {
    "beam_energy_mev": 12.0,
    "beam_current_ua": 10.0,
    "target_composition": {
      "Pb-208": 0.8,
      "Bi-209": 0.15,
      "Tl-203": 0.05
    },
    "target_mass_g": 4.0,
    "irradiation_time_s": 5845.596261079398
  },
  "results": {
    "total_reactions": 7295304133,
    "gold_atoms_produced": 6670,
    "energy_deposited_mev": 656577372044.4379
  },
  "simulation_info": {
    "name": "sweep_283",
    "timestamp": 1750391562.017232,
    "duration_s": 7.891654968261719e-05
  }
}