{
  "parameters": {
    "beam_energy_mev": 18.0,
    "beam_current_ua": 10.0,
    "target_composition": {
      "Pb-208": 1.0
    },
    "target_mass_g": 4.0,
    "irradiation_time_s": 65987.30558996768
  },
  "results": {
    "total_reactions": 82352157376,
    "gold_atoms_produced": 519080,
    "energy_deposited_mev": 11117541245797.752
  },
  "simulation_info": {
    "name": "sweep_973",
    "timestamp": 1750391564.875467,
    "duration_s": 5.221366882324219e-05
  }
}