{
  "parameters": {
    "beam_energy_mev": 14.5,
    "beam_current_ua": 10.0,
    "target_composition": {
      "Pb-208": 0.9,
      "Bi-209": 0.1
    },
    "target_mass_g": 4.0,
    "irradiation_time_s": 40638.164100648806
  },
  "results": {
    "total_reactions": 50716428797,
    "gold_atoms_produced": 544501,
    "energy_deposited_mev": 5515411631740.055
  },
  "simulation_info": {
    "name": "sweep_571",
    "timestamp": 1750391563.2808838,
    "duration_s": 8.416175842285156e-05
  }
}