{
  "parameters": {
    "beam_energy_mev": 19.5,
    "beam_current_ua": 10.0,
    "target_composition": {
      "Pb-208": 1.0
    },
    "target_mass_g": 4.0,
    "irradiation_time_s": 4587.389948531281
  },
  "results": {
    "total_reactions": 5725062655,
    "gold_atoms_produced": 1554,
    "energy_deposited_mev": 837290413405.9293
  },
  "simulation_info": {
    "name": "sweep_1142",
    "timestamp": 1750391565.5350006,
    "duration_s": 5.269050598144531e-05
  }
}