{
  "parameters": {
    "beam_energy_mev": 12.0,
    "beam_current_ua": 10.0,
    "target_composition": {
      "Pb-208": 0.8,
      "Bi-209": 0.15,
      "Tl-203": 0.05
    },
    "target_mass_g": 4.0,
    "irradiation_time_s": 40638.164100648806
  },
  "results": {
    "total_reactions": 50716428797,
    "gold_atoms_produced": 322394,
    "energy_deposited_mev": 4564478591784.873
  },
  "simulation_info": {
    "name": "sweep_291",
    "timestamp": 1750391562.0448668,
    "duration_s": 5.745887756347656e-05
  }
}