{
  "parameters": {
    "beam_energy_mev": 19.0,
    "beam_current_ua": 10.0,
    "target_composition": {
      "Pb-208": 0.8,
      "Bi-209": 0.15,
      "Tl-203": 0.05
    },
    "target_mass_g": 4.0,
    "irradiation_time_s": 40638.164100648806
  },
  "results": {
    "total_reactions": 50716428797,
    "gold_atoms_produced": 134197,
    "energy_deposited_mev": 7227091103659.383
  },
  "simulation_info": {
    "name": "sweep_1131",
    "timestamp": 1750391565.4977698,
    "duration_s": 0.00012755393981933594
  }
}