{
  "parameters": {
    "beam_energy_mev": 16.0,
    "beam_current_ua": 10.0,
    "target_composition": {
      "Pb-208": 1.0
    },
    "target_mass_g": 4.0,
    "irradiation_time_s": 221705.35598376938
  },
  "results": {
    "total_reactions": 276688284267,
    "gold_atoms_produced": 10527300,
    "energy_deposited_mev": 33202594112129.297
  },
  "simulation_info": {
    "name": "sweep_738",
    "timestamp": 1750391563.9199045,
    "duration_s": 5.3882598876953125e-05
  }
}