{
  "parameters": {
    "beam_energy_mev": 13.5,
    "beam_current_ua": 10.0,
    "target_composition": {
      "Pb-208": 0.8,
      "Bi-209": 0.15,
      "Tl-203": 0.05
    },
    "target_mass_g": 4.0,
    "irradiation_time_s": 7448.897092013243
  },
  "results": {
    "total_reactions": 9296223570,
    "gold_atoms_produced": 17505,
    "energy_deposited_mev": 941242636546.7932
  },
  "simulation_info": {
    "name": "sweep_464",
    "timestamp": 1750391562.8109813,
    "duration_s": 7.557868957519531e-05
  }
}