{
  "parameters": {
    "beam_energy_mev": 10.0,
    "beam_current_ua": 10.0,
    "target_composition": {
      "Pb-208": 0.8,
      "Bi-209": 0.15,
      "Tl-203": 0.05
    },
    "target_mass_g": 4.0,
    "irradiation_time_s": 221705.35598376938
  },
  "results": {
    "total_reactions": 276688284267,
    "gold_atoms_produced": 3705482,
    "energy_deposited_mev": 20751621320080.81
  },
  "simulation_info": {
    "name": "sweep_058",
    "timestamp": 1750391560.962615,
    "duration_s": 7.43865966796875e-05
  }
}