{
  "parameters": {
    "beam_energy_mev": 13.0,
    "beam_current_ua": 10.0,
    "target_composition": {
      "Pb-208": 0.9,
      "Bi-209": 0.1
    },
    "target_mass_g": 4.0,
    "irradiation_time_s": 31891.20445476297
  },
  "results": {
    "total_reactions": 39800223159,
    "gold_atoms_produced": 319350,
    "energy_deposited_mev": 3880521758055.5576
  },
  "simulation_info": {
    "name": "sweep_390",
    "timestamp": 1750391562.4537296,
    "duration_s": 5.53131103515625e-05
  }
}