{
  "parameters": {
    "beam_energy_mev": 13.5,
    "beam_current_ua": 10.0,
    "target_composition": {
      "Pb-208": 0.9,
      "Bi-209": 0.1
    },
    "target_mass_g": 4.0,
    "irradiation_time_s": 31891.20445476297
  },
  "results": {
    "total_reactions": 39800223159,
    "gold_atoms_produced": 340083,
    "energy_deposited_mev": 4029772594903.8486
  },
  "simulation_info": {
    "name": "sweep_450",
    "timestamp": 1750391562.7516313,
    "duration_s": 0.00013208389282226562
  }
}