{
  "parameters": {
    "beam_energy_mev": 18.5,
    "beam_current_ua": 10.0,
    "target_composition": {
      "Pb-208": 0.9,
      "Bi-209": 0.1
    },
    "target_mass_g": 4.0,
    "irradiation_time_s": 107148.65189872745
  },
  "results": {
    "total_reactions": 133721517569,
    "gold_atoms_produced": 1089754,
    "energy_deposited_mev": 18553860562783.64
  },
  "simulation_info": {
    "name": "sweep_1055",
    "timestamp": 1750391565.1898005,
    "duration_s": 0.00020456314086914062
  }
}