{
  "parameters": {
    "beam_energy_mev": 17.5,
    "beam_current_ua": 10.0,
    "target_composition": {
      "Pb-208": 0.8,
      "Bi-209": 0.15,
      "Tl-203": 0.05
    },
    "target_mass_g": 4.0,
    "irradiation_time_s": 9491.94323542929
  },
  "results": {
    "total_reactions": 11845945157,
    "gold_atoms_produced": 11347,
    "energy_deposited_mev": 1554780301963.3171
  },
  "simulation_info": {
    "name": "sweep_945",
    "timestamp": 1750391564.7445455,
    "duration_s": 6.532669067382812e-05
  }
}