{
  "parameters": {
    "beam_energy_mev": 14.5,
    "beam_current_ua": 10.0,
    "target_composition": {
      "Pb-208": 0.9,
      "Bi-209": 0.1
    },
    "target_mass_g": 4.0,
    "irradiation_time_s": 136536.84686636098
  },
  "results": {
    "total_reactions": 170397984889,
    "gold_atoms_produced": 6146535,
    "energy_deposited_mev": 18530780856702.51
  },
  "simulation_info": {
    "name": "sweep_576",
    "timestamp": 1750391563.2968202,
    "duration_s": 0.00010776519775390625
  }
}