{
  "parameters": {
    "beam_energy_mev": 12.5,
    "beam_current_ua": 10.0,
    "target_composition": {
      "Pb-208": 0.9,
      "Bi-209": 0.1
    },
    "target_mass_g": 4.0,
    "irradiation_time_s": 40638.164100648806
  },
  "results": {
    "total_reactions": 50716428797,
    "gold_atoms_produced": 440291,
    "energy_deposited_mev": 4754665199775.909
  },
  "simulation_info": {
    "name": "sweep_331",
    "timestamp": 1750391562.2141511,
    "duration_s": 7.772445678710938e-05
  }
}