{
  "parameters": {
    "beam_energy_mev": 16.0,
    "beam_current_ua": 10.0,
    "target_composition": {
      "Pb-208": 1.0
    },
    "target_mass_g": 4.0,
    "irradiation_time_s": 136536.84686636098
  },
  "results": {
    "total_reactions": 170397984889,
    "gold_atoms_produced": 3992679,
    "energy_deposited_mev": 20447758186706.215
  },
  "simulation_info": {
    "name": "sweep_736",
    "timestamp": 1750391563.91208,
    "duration_s": 4.792213439941406e-05
  }
}