{
  "parameters": {
    "beam_energy_mev": 14.5,
    "beam_current_ua": 10.0,
    "target_composition": {
      "Pb-208": 0.9,
      "Bi-209": 0.1
    },
    "target_mass_g": 4.0,
    "irradiation_time_s": 282513.589326526
  },
  "results": {
    "total_reactions": 352576959479,
    "gold_atoms_produced": 26315362,
    "energy_deposited_mev": 38342744343396.1
  },
  "simulation_info": {
    "name": "sweep_579",
    "timestamp": 1750391563.30754,
    "duration_s": 5.9604644775390625e-05
  }
}