{
  "parameters": {
    "beam_energy_mev": 12.5,
    "beam_current_ua": 10.0,
    "target_composition": {
      "Pb-208": 0.9,
      "Bi-209": 0.1
    },
    "target_mass_g": 4.0,
    "irradiation_time_s": 15412.796635389815
  },
  "results": {
    "total_reactions": 19235170200,
    "gold_atoms_produced": 63333,
    "energy_deposited_mev": 1803297206340.6082
  },
  "simulation_info": {
    "name": "sweep_327",
    "timestamp": 1750391562.200633,
    "duration_s": 0.00011157989501953125
  }
}