{
  "parameters": {
    "beam_energy_mev": 12.0,
    "beam_current_ua": 10.0,
    "target_composition": {
      "Pb-208": 0.9,
      "Bi-209": 0.1
    },
    "target_mass_g": 4.0,
    "irradiation_time_s": 19640.14121220667
  },
  "results": {
    "total_reactions": 24510896232,
    "gold_atoms_produced": 82265,
    "energy_deposited_mev": 2205980660955.0527
  },
  "simulation_info": {
    "name": "sweep_268",
    "timestamp": 1750391561.956239,
    "duration_s": 5.1021575927734375e-05
  }
}