{
  "parameters": {
    "beam_energy_mev": 18.5,
    "beam_current_ua": 10.0,
    "target_composition": {
      "Pb-208": 0.9,
      "Bi-209": 0.1
    },
    "target_mass_g": 4.0,
    "irradiation_time_s": 5845.596261079398
  },
  "results": {
    "total_reactions": 7295304133,
    "gold_atoms_produced": 3243,
    "energy_deposited_mev": 1012223448568.5083
  },
  "simulation_info": {
    "name": "sweep_1043",
    "timestamp": 1750391565.1389945,
    "duration_s": 5.793571472167969e-05
  }
}