{
  "parameters": {
    "beam_energy_mev": 16.0,
    "beam_current_ua": 10.0,
    "target_composition": {
      "Pb-208": 1.0
    },
    "target_mass_g": 4.0,
    "irradiation_time_s": 9491.94323542929
  },
  "results": {
    "total_reactions": 11845945157,
    "gold_atoms_produced": 19296,
    "energy_deposited_mev": 1421513418937.8901
  },
  "simulation_info": {
    "name": "sweep_725",
    "timestamp": 1750391563.8702765,
    "duration_s": 7.224082946777344e-05
  }
}