{
  "parameters": {
    "beam_energy_mev": 12.5,
    "beam_current_ua": 10.0,
    "target_composition": {
      "Pb-208": 1.0
    },
    "target_mass_g": 4.0,
    "irradiation_time_s": 12095.345830621614
  },
  "results": {
    "total_reactions": 15094991596,
    "gold_atoms_produced": 41454,
    "energy_deposited_mev": 1415155462182.7285
  },
  "simulation_info": {
    "name": "sweep_306",
    "timestamp": 1750391562.1177766,
    "duration_s": 7.605552673339844e-05
  }
}