{
  "parameters": {
    "beam_energy_mev": 20.0,
    "beam_current_ua": 10.0,
    "target_composition": {
      "Pb-208": 0.9,
      "Bi-209": 0.1
    },
    "target_mass_g": 4.0,
    "irradiation_time_s": 19640.14121220667
  },
  "results": {
    "total_reactions": 24510896232,
    "gold_atoms_produced": 22105,
    "energy_deposited_mev": 3676634434925.087
  },
  "simulation_info": {
    "name": "sweep_1228",
    "timestamp": 1750391566.0382748,
    "duration_s": 0.00010395050048828125
  }
}