{
  "parameters": {
    "beam_energy_mev": 16.5,
    "beam_current_ua": 10.0,
    "target_composition": {
      "Pb-208": 0.8,
      "Bi-209": 0.15,
      "Tl-203": 0.05
    },
    "target_mass_g": 4.0,
    "irradiation_time_s": 7448.897092013243
  },
  "results": {
    "total_reactions": 9296223570,
    "gold_atoms_produced": 9243,
    "energy_deposited_mev": 1150407666890.5251
  },
  "simulation_info": {
    "name": "sweep_824",
    "timestamp": 1750391564.2370808,
    "duration_s": 8.988380432128906e-05
  }
}