{
  "parameters": {
    "beam_energy_mev": 12.5,
    "beam_current_ua": 10.0,
    "target_composition": {
      "Pb-208": 0.8,
      "Bi-209": 0.15,
      "Tl-203": 0.05
    },
    "target_mass_g": 4.0,
    "irradiation_time_s": 136536.84686636098
  },
  "results": {
    "total_reactions": 170397984889,
    "gold_atoms_produced": 4549918,
    "energy_deposited_mev": 15974811083364.23
  },
  "simulation_info": {
    "name": "sweep_356",
    "timestamp": 1750391562.3085108,
    "duration_s": 6.127357482910156e-05
  }
}