{
  "parameters": {
    "beam_energy_mev": 15.0,
    "beam_current_ua": 10.0,
    "target_composition": {
      "Pb-208": 0.9,
      "Bi-209": 0.1
    },
    "target_mass_g": 4.0,
    "irradiation_time_s": 9491.94323542929
  },
  "results": {
    "total_reactions": 11845945157,
    "gold_atoms_produced": 25295,
    "energy_deposited_mev": 1332668830254.2722
  },
  "simulation_info": {
    "name": "sweep_625",
    "timestamp": 1750391563.4765527,
    "duration_s": 4.410743713378906e-05
  }
}