{
  "parameters": {
    "beam_energy_mev": 14.0,
    "beam_current_ua": 10.0,
    "target_composition": {
      "Pb-208": 1.0
    },
    "target_mass_g": 4.0,
    "irradiation_time_s": 19640.14121220667
  },
  "results": {
    "total_reactions": 24510896232,
    "gold_atoms_produced": 128559,
    "energy_deposited_mev": 2573644104447.5615
  },
  "simulation_info": {
    "name": "sweep_488",
    "timestamp": 1750391562.921021,
    "duration_s": 6.985664367675781e-05
  }
}