{
  "parameters": {
    "beam_energy_mev": 10.5,
    "beam_current_ua": 10.0,
    "target_composition": {
      "Pb-208": 0.9,
      "Bi-209": 0.1
    },
    "target_mass_g": 4.0,
    "irradiation_time_s": 19640.14121220667
  },
  "results": {
    "total_reactions": 24510896232,
    "gold_atoms_produced": 39619,
    "energy_deposited_mev": 1930233078335.671
  },
  "simulation_info": {
    "name": "sweep_088",
    "timestamp": 1750391561.0636349,
    "duration_s": 4.38690185546875e-05
  }
}