{
  "parameters": {
    "beam_energy_mev": 15.5,
    "beam_current_ua": 10.0,
    "target_composition": {
      "Pb-208": 1.0
    },
    "target_mass_g": 4.0,
    "irradiation_time_s": 65987.30558996768
  },
  "results": {
    "total_reactions": 82352157376,
    "gold_atoms_produced": 1097336,
    "energy_deposited_mev": 9573438294992.51
  },
  "simulation_info": {
    "name": "sweep_673",
    "timestamp": 1750391563.6632257,
    "duration_s": 8.869171142578125e-05
  }
}