{
  "parameters": {
    "beam_energy_mev": 17.0,
    "beam_current_ua": 10.0,
    "target_composition": {
      "Pb-208": 1.0
    },
    "target_mass_g": 4.0,
    "irradiation_time_s": 282513.589326526
  },
  "results": {
    "total_reactions": 352576959479,
    "gold_atoms_produced": 12691697,
    "energy_deposited_mev": 44953562333636.81
  },
  "simulation_info": {
    "name": "sweep_859",
    "timestamp": 1750391564.4085965,
    "duration_s": 7.724761962890625e-05
  }
}