{
  "parameters": {
    "beam_energy_mev": 11.5,
    "beam_current_ua": 10.0,
    "target_composition": {
      "Pb-208": 0.9,
      "Bi-209": 0.1
    },
    "target_mass_g": 4.0,
    "irradiation_time_s": 15412.796635389815
  },
  "results": {
    "total_reactions": 19235170200,
    "gold_atoms_produced": 39602,
    "energy_deposited_mev": 1659033429833.3596
  },
  "simulation_info": {
    "name": "sweep_207",
    "timestamp": 1750391561.6610284,
    "duration_s": 0.00011754035949707031
  }
}