{
  "parameters": {
    "beam_energy_mev": 11.0,
    "beam_current_ua": 10.0,
    "target_composition": {
      "Pb-208": 0.9,
      "Bi-209": 0.1
    },
    "target_mass_g": 4.0,
    "irradiation_time_s": 51784.19597835586
  },
  "results": {
    "total_reactions": 64626676580,
    "gold_atoms_produced": 349093,
    "energy_deposited_mev": 5331700817931.519
  },
  "simulation_info": {
    "name": "sweep_152",
    "timestamp": 1750391561.2718694,
    "duration_s": 4.3392181396484375e-05
  }
}