{
  "parameters": {
    "beam_energy_mev": 16.5,
    "beam_current_ua": 10.0,
    "target_composition": {
      "Pb-208": 0.8,
      "Bi-209": 0.15,
      "Tl-203": 0.05
    },
    "target_mass_g": 4.0,
    "irradiation_time_s": 51784.19597835586
  },
  "results": {
    "total_reactions": 64626676580,
    "gold_atoms_produced": 446748,
    "energy_deposited_mev": 7997551226897.277
  },
  "simulation_info": {
    "name": "sweep_832",
    "timestamp": 1750391564.2668018,
    "duration_s": 7.2479248046875e-05
  }
}