{
  "parameters": {
    "beam_energy_mev": 16.0,
    "beam_current_ua": 10.0,
    "target_composition": {
      "Pb-208": 1.0
    },
    "target_mass_g": 4.0,
    "irradiation_time_s": 25026.94066239218
  },
  "results": {
    "total_reactions": 31233621946,
    "gold_atoms_produced": 134146,
    "energy_deposited_mev": 3748034633599.852
  },
  "simulation_info": {
    "name": "sweep_729",
    "timestamp": 1750391563.8852415,
    "duration_s": 7.367134094238281e-05
  }
}