{
  "parameters": {
    "beam_energy_mev": 10.0,
    "beam_current_ua": 10.0,
    "target_composition": {
      "Pb-208": 0.9,
      "Bi-209": 0.1
    },
    "target_mass_g": 4.0,
    "irradiation_time_s": 15412.796635389815
  },
  "results": {
    "total_reactions": 19235170200,
    "gold_atoms_produced": 19534,
    "energy_deposited_mev": 1442637765072.4863
  },
  "simulation_info": {
    "name": "sweep_027",
    "timestamp": 1750391560.839943,
    "duration_s": 5.4836273193359375e-05
  }
}