{
  "parameters": {
    "beam_energy_mev": 15.5,
    "beam_current_ua": 10.0,
    "target_composition": {
      "Pb-208": 1.0
    },
    "target_mass_g": 4.0,
    "irradiation_time_s": 107148.65189872745
  },
  "results": {
    "total_reactions": 133721517569,
    "gold_atoms_produced": 2893294,
    "energy_deposited_mev": 15545126417467.375
  },
  "simulation_info": {
    "name": "sweep_675",
    "timestamp": 1750391563.6715357,
    "duration_s": 4.172325134277344e-05
  }
}