{
  "parameters": {
    "beam_energy_mev": 16.0,
    "beam_current_ua": 10.0,
    "target_composition": {
      "Pb-208": 0.9,
      "Bi-209": 0.1
    },
    "target_mass_g": 4.0,
    "irradiation_time_s": 221705.35598376938
  },
  "results": {
    "total_reactions": 276688284267,
    "gold_atoms_produced": 9850195,
    "energy_deposited_mev": 33202594112129.297
  },
  "simulation_info": {
    "name": "sweep_758",
    "timestamp": 1750391563.9865544,
    "duration_s": 4.982948303222656e-05
  }
}