{
  "parameters": {
    "beam_energy_mev": 17.0,
    "beam_current_ua": 10.0,
    "target_composition": {
      "Pb-208": 0.9,
      "Bi-209": 0.1
    },
    "target_mass_g": 4.0,
    "irradiation_time_s": 282513.589326526
  },
  "results": {
    "total_reactions": 352576959479,
    "gold_atoms_produced": 11807669,
    "energy_deposited_mev": 44953562333636.81
  },
  "simulation_info": {
    "name": "sweep_879",
    "timestamp": 1750391564.4834397,
    "duration_s": 7.748603820800781e-05
  }
}