{
  "parameters": {
    "beam_energy_mev": 10.0,
    "beam_current_ua": 10.0,
    "target_composition": {
      "Pb-208": 0.8,
      "Bi-209": 0.15,
      "Tl-203": 0.05
    },
    "target_mass_g": 4.0,
    "irradiation_time_s": 15412.796635389815
  },
  "results": {
    "total_reactions": 19235170200,
    "gold_atoms_produced": 17908,
    "energy_deposited_mev": 1442637765072.4863
  },
  "simulation_info": {
    "name": "sweep_047",
    "timestamp": 1750391560.9195628,
    "duration_s": 6.270408630371094e-05
  }
}