{
  "parameters": {
    "beam_energy_mev": 18.0,
    "beam_current_ua": 10.0,
    "target_composition": {
      "Pb-208": 0.9,
      "Bi-209": 0.1
    },
    "target_mass_g": 4.0,
    "irradiation_time_s": 107148.65189872745
  },
  "results": {
    "total_reactions": 133721517569,
    "gold_atoms_produced": 1268568,
    "energy_deposited_mev": 18052404871897.594
  },
  "simulation_info": {
    "name": "sweep_995",
    "timestamp": 1750391564.955747,
    "duration_s": 4.863739013671875e-05
  }
}