{
  "parameters": {
    "beam_energy_mev": 17.5,
    "beam_current_ua": 10.0,
    "target_composition": {
      "Pb-208": 0.9,
      "Bi-209": 0.1
    },
    "target_mass_g": 4.0,
    "irradiation_time_s": 15412.796635389815
  },
  "results": {
    "total_reactions": 19235170200,
    "gold_atoms_produced": 30396,
    "energy_deposited_mev": 2524616088876.851
  },
  "simulation_info": {
    "name": "sweep_927",
    "timestamp": 1750391564.6695957,
    "duration_s": 8.654594421386719e-05
  }
}