{
  "parameters": {
    "beam_energy_mev": 11.5,
    "beam_current_ua": 10.0,
    "target_composition": {
      "Pb-208": 0.8,
      "Bi-209": 0.15,
      "Tl-203": 0.05
    },
    "target_mass_g": 4.0,
    "irradiation_time_s": 4587.389948531281
  },
  "results": {
    "total_reactions": 5725062655,
    "gold_atoms_produced": 3212,
    "energy_deposited_mev": 493786654059.9071
  },
  "simulation_info": {
    "name": "sweep_222",
    "timestamp": 1750391561.7505307,
    "duration_s": 0.00011205673217773438
  }
}