{
  "parameters": {
    "beam_energy_mev": 10.0,
    "beam_current_ua": 10.0,
    "target_composition": {
      "Pb-208": 1.0
    },
    "target_mass_g": 4.0,
    "irradiation_time_s": 84085.97288724437
  },
  "results": {
    "total_reactions": 104939294163,
    "gold_atoms_produced": 616564,
    "energy_deposited_mev": 7870447062246.071
  },
  "simulation_info": {
    "name": "sweep_014",
    "timestamp": 1750391560.785022,
    "duration_s": 6.008148193359375e-05
  }
}