{
  "parameters": {
    "beam_energy_mev": 18.5,
    "beam_current_ua": 10.0,
    "target_composition": {
      "Pb-208": 0.8,
      "Bi-209": 0.15,
      "Tl-203": 0.05
    },
    "target_mass_g": 4.0,
    "irradiation_time_s": 4587.389948531281
  },
  "results": {
    "total_reactions": 5725062655,
    "gold_atoms_produced": 1992,
    "energy_deposited_mev": 794352443487.6764
  },
  "simulation_info": {
    "name": "sweep_1062",
    "timestamp": 1750391565.2208617,
    "duration_s": 0.00010180473327636719
  }
}