{
  "parameters": {
    "beam_energy_mev": 16.5,
    "beam_current_ua": 10.0,
    "target_composition": {
      "Pb-208": 1.0
    },
    "target_mass_g": 4.0,
    "irradiation_time_s": 19640.14121220667
  },
  "results": {
    "total_reactions": 24510896232,
    "gold_atoms_produced": 70916,
    "energy_deposited_mev": 3033223408813.1978
  },
  "simulation_info": {
    "name": "sweep_788",
    "timestamp": 1750391564.0911126,
    "duration_s": 8.296966552734375e-05
  }
}