{
  "parameters": {
    "beam_energy_mev": 13.5,
    "beam_current_ua": 10.0,
    "target_composition": {
      "Pb-208": 0.9,
      "Bi-209": 0.1
    },
    "target_mass_g": 4.0,
    "irradiation_time_s": 173985.48858858307
  },
  "results": {
    "total_reactions": 217133889758,
    "gold_atoms_produced": 10122091,
    "energy_deposited_mev": 21984806338053.355
  },
  "simulation_info": {
    "name": "sweep_457",
    "timestamp": 1750391562.779975,
    "duration_s": 0.0003628730773925781
  }
}