{
  "parameters": {
    "beam_energy_mev": 12.0,
    "beam_current_ua": 10.0,
    "target_composition": {
      "Pb-208": 0.9,
      "Bi-209": 0.1
    },
    "target_mass_g": 4.0,
    "irradiation_time_s": 31891.20445476297
  },
  "results": {
    "total_reactions": 39800223159,
    "gold_atoms_produced": 216905,
    "energy_deposited_mev": 3582020084358.976
  },
  "simulation_info": {
    "name": "sweep_270",
    "timestamp": 1750391561.962525,
    "duration_s": 5.316734313964844e-05
  }
}