{
  "parameters": {
    "beam_energy_mev": 13.0,
    "beam_current_ua": 10.0,
    "target_composition": {
      "Pb-208": 0.8,
      "Bi-209": 0.15,
      "Tl-203": 0.05
    },
    "target_mass_g": 4.0,
    "irradiation_time_s": 282513.589326526
  },
  "results": {
    "total_reactions": 352576959479,
    "gold_atoms_produced": 23594343,
    "energy_deposited_mev": 34376253549251.676
  },
  "simulation_info": {
    "name": "sweep_419",
    "timestamp": 1750391562.6025074,
    "duration_s": 8.153915405273438e-05
  }
}