{
  "parameters": {
    "beam_energy_mev": 13.0,
    "beam_current_ua": 10.0,
    "target_composition": {
      "Pb-208": 0.8,
      "Bi-209": 0.15,
      "Tl-203": 0.05
    },
    "target_mass_g": 4.0,
    "irradiation_time_s": 7448.897092013243
  },
  "results": {
    "total_reactions": 9296223570,
    "gold_atoms_produced": 16402,
    "energy_deposited_mev": 906381798156.1713
  },
  "simulation_info": {
    "name": "sweep_404",
    "timestamp": 1750391562.51261,
    "duration_s": 0.0002067089080810547
  }
}