{
  "parameters": {
    "beam_energy_mev": 13.0,
    "beam_current_ua": 10.0,
    "target_composition": {
      "Pb-208": 0.8,
      "Bi-209": 0.15,
      "Tl-203": 0.05
    },
    "target_mass_g": 4.0,
    "irradiation_time_s": 40638.164100648806
  },
  "results": {
    "total_reactions": 50716428797,
    "gold_atoms_produced": 488199,
    "energy_deposited_mev": 4944851807766.946
  },
  "simulation_info": {
    "name": "sweep_411",
    "timestamp": 1750391562.5711792,
    "duration_s": 8.7738037109375e-05
  }
}