{
  "parameters": {
    "beam_energy_mev": 18.5,
    "beam_current_ua": 10.0,
    "target_composition": {
      "Pb-208": 0.8,
      "Bi-209": 0.15,
      "Tl-203": 0.05
    },
    "target_mass_g": 4.0,
    "irradiation_time_s": 7448.897092013243
  },
  "results": {
    "total_reactions": 9296223570,
    "gold_atoms_produced": 5253,
    "energy_deposited_mev": 1289851020453.013
  },
  "simulation_info": {
    "name": "sweep_1064",
    "timestamp": 1750391565.2276988,
    "duration_s": 7.867813110351562e-05
  }
}