{
  "parameters": {
    "beam_energy_mev": 13.0,
    "beam_current_ua": 10.0,
    "target_composition": {
      "Pb-208": 0.9,
      "Bi-209": 0.1
    },
    "target_mass_g": 4.0,
    "irradiation_time_s": 12095.345830621614
  },
  "results": {
    "total_reactions": 15094991596,
    "gold_atoms_produced": 45936,
    "energy_deposited_mev": 1471761680670.0378
  },
  "simulation_info": {
    "name": "sweep_386",
    "timestamp": 1750391562.4399524,
    "duration_s": 4.124641418457031e-05
  }
}