{
  "parameters": {
    "beam_energy_mev": 19.0,
    "beam_current_ua": 10.0,
    "target_composition": {
      "Pb-208": 0.9,
      "Bi-209": 0.1
    },
    "target_mass_g": 4.0,
    "irradiation_time_s": 65987.30558996768
  },
  "results": {
    "total_reactions": 82352157376,
    "gold_atoms_produced": 352354,
    "energy_deposited_mev": 11735182426119.85
  },
  "simulation_info": {
    "name": "sweep_1113",
    "timestamp": 1750391565.427058,
    "duration_s": 5.0067901611328125e-05
  }
}