{
  "parameters": {
    "beam_energy_mev": 13.0,
    "beam_current_ua": 10.0,
    "target_composition": {
      "Pb-208": 0.9,
      "Bi-209": 0.1
    },
    "target_mass_g": 4.0,
    "irradiation_time_s": 282513.589326526
  },
  "results": {
    "total_reactions": 352576959479,
    "gold_atoms_produced": 25061336,
    "energy_deposited_mev": 34376253549251.676
  },
  "simulation_info": {
    "name": "sweep_399",
    "timestamp": 1750391562.4853845,
    "duration_s": 6.651878356933594e-05
  }
}