{
  "parameters": {
    "beam_energy_mev": 14.5,
    "beam_current_ua": 10.0,
    "target_composition": {
      "Pb-208": 0.8,
      "Bi-209": 0.15,
      "Tl-203": 0.05
    },
    "target_mass_g": 4.0,
    "irradiation_time_s": 107148.65189872745
  },
  "results": {
    "total_reactions": 133721517569,
    "gold_atoms_produced": 3578702,
    "energy_deposited_mev": 14542215035695.287
  },
  "simulation_info": {
    "name": "sweep_595",
    "timestamp": 1750391563.3747432,
    "duration_s": 0.00015997886657714844
  }
}