{
  "parameters": {
    "beam_energy_mev": 16.0,
    "beam_current_ua": 10.0,
    "target_composition": {
      "Pb-208": 0.9,
      "Bi-209": 0.1
    },
    "target_mass_g": 4.0,
    "irradiation_time_s": 282513.589326526
  },
  "results": {
    "total_reactions": 352576959479,
    "gold_atoms_produced": 15994518,
    "energy_deposited_mev": 42309235137540.52
  },
  "simulation_info": {
    "name": "sweep_759",
    "timestamp": 1750391563.9895864,
    "duration_s": 6.866455078125e-05
  }
}