{
  "parameters": {
    "beam_energy_mev": 19.5,
    "beam_current_ua": 10.0,
    "target_composition": {
      "Pb-208": 0.9,
      "Bi-209": 0.1
    },
    "target_mass_g": 4.0,
    "irradiation_time_s": 65987.30558996768
  },
  "results": {
    "total_reactions": 82352157376,
    "gold_atoms_produced": 297790,
    "energy_deposited_mev": 12044003016280.898
  },
  "simulation_info": {
    "name": "sweep_1173",
    "timestamp": 1750391565.6539707,
    "duration_s": 8.058547973632812e-05
  }
}