{
  "parameters": {
    "beam_energy_mev": 12.5,
    "beam_current_ua": 10.0,
    "target_composition": {
      "Pb-208": 1.0
    },
    "target_mass_g": 4.0,
    "irradiation_time_s": 107148.65189872745
  },
  "results": {
    "total_reactions": 133721517569,
    "gold_atoms_produced": 3253193,
    "energy_deposited_mev": 12536392272151.107
  },
  "simulation_info": {
    "name": "sweep_315",
    "timestamp": 1750391562.153726,
    "duration_s": 5.745887756347656e-05
  }
}