{
  "parameters": {
    "beam_energy_mev": 20.0,
    "beam_current_ua": 10.0,
    "target_composition": {
      "Pb-208": 0.9,
      "Bi-209": 0.1
    },
    "target_mass_g": 4.0,
    "irradiation_time_s": 4587.389948531281
  },
  "results": {
    "total_reactions": 5725062655,
    "gold_atoms_produced": 1205,
    "energy_deposited_mev": 858759398365.0558
  },
  "simulation_info": {
    "name": "sweep_1222",
    "timestamp": 1750391565.9914782,
    "duration_s": 9.322166442871094e-05
  }
}