{
  "parameters": {
    "beam_energy_mev": 19.5,
    "beam_current_ua": 10.0,
    "target_composition": {
      "Pb-208": 0.9,
      "Bi-209": 0.1
    },
    "target_mass_g": 4.0,
    "irradiation_time_s": 19640.14121220667
  },
  "results": {
    "total_reactions": 24510896232,
    "gold_atoms_produced": 26380,
    "energy_deposited_mev": 3584718574051.96
  },
  "simulation_info": {
    "name": "sweep_1168",
    "timestamp": 1750391565.6334665,
    "duration_s": 0.00010275840759277344
  }
}