{
  "parameters": {
    "beam_energy_mev": 10.5,
    "beam_current_ua": 10.0,
    "target_composition": {
      "Pb-208": 1.0
    },
    "target_mass_g": 4.0,
    "irradiation_time_s": 19640.14121220667
  },
  "results": {
    "total_reactions": 24510896232,
    "gold_atoms_produced": 42042,
    "energy_deposited_mev": 1930233078335.671
  },
  "simulation_info": {
    "name": "sweep_068",
    "timestamp": 1750391560.9965975,
    "duration_s": 3.695487976074219e-05
  }
}