{
  "parameters": {
    "beam_energy_mev": 11.0,
    "beam_current_ua": 10.0,
    "target_composition": {
      "Pb-208": 0.8,
      "Bi-209": 0.15,
      "Tl-203": 0.05
    },
    "target_mass_g": 4.0,
    "irradiation_time_s": 40638.164100648806
  },
  "results": {
    "total_reactions": 50716428797,
    "gold_atoms_produced": 196923,
    "energy_deposited_mev": 4184105375802.8
  },
  "simulation_info": {
    "name": "sweep_171",
    "timestamp": 1750391561.3581262,
    "duration_s": 6.008148193359375e-05
  }
}