{
  "parameters": {
    "beam_energy_mev": 14.0,
    "beam_current_ua": 10.0,
    "target_composition": {
      "Pb-208": 0.8,
      "Bi-209": 0.15,
      "Tl-203": 0.05
    },
    "target_mass_g": 4.0,
    "irradiation_time_s": 31891.20445476297
  },
  "results": {
    "total_reactions": 39800223159,
    "gold_atoms_produced": 304851,
    "energy_deposited_mev": 4179023431752.1387
  },
  "simulation_info": {
    "name": "sweep_530",
    "timestamp": 1750391563.1116476,
    "duration_s": 7.414817810058594e-05
  }
}