{
  "parameters": {
    "beam_energy_mev": 12.0,
    "beam_current_ua": 10.0,
    "target_composition": {
      "Pb-208": 0.8,
      "Bi-209": 0.15,
      "Tl-203": 0.05
    },
    "target_mass_g": 4.0,
    "irradiation_time_s": 221705.35598376938
  },
  "results": {
    "total_reactions": 276688284267,
    "gold_atoms_produced": 9595607,
    "energy_deposited_mev": 24901945584096.97
  },
  "simulation_info": {
    "name": "sweep_298",
    "timestamp": 1750391562.073198,
    "duration_s": 5.2928924560546875e-05
  }
}