{
  "parameters": {
    "beam_energy_mev": 15.5,
    "beam_current_ua": 10.0,
    "target_composition": {
      "Pb-208": 1.0
    },
    "target_mass_g": 4.0,
    "irradiation_time_s": 360000.0
  },
  "results": {
    "total_reactions": 449279999999,
    "gold_atoms_produced": 32660603,
    "energy_deposited_mev": 52228799999999.99
  },
  "simulation_info": {
    "name": "sweep_680",
    "timestamp": 1750391563.6929471,
    "duration_s": 4.696846008300781e-05
  }
}