{
  "parameters": {
    "beam_energy_mev": 16.0,
    "beam_current_ua": 10.0,
    "target_composition": {
      "Pb-208": 0.8,
      "Bi-209": 0.15,
      "Tl-203": 0.05
    },
    "target_mass_g": 4.0,
    "irradiation_time_s": 4587.389948531281
  },
  "results": {
    "total_reactions": 5725062655,
    "gold_atoms_produced": 4068,
    "energy_deposited_mev": 687007518692.0446
  },
  "simulation_info": {
    "name": "sweep_762",
    "timestamp": 1750391563.999222,
    "duration_s": 9.441375732421875e-05
  }
}