{
  "parameters": {
    "beam_energy_mev": 19.5,
    "beam_current_ua": 10.0,
    "target_composition": {
      "Pb-208": 0.8,
      "Bi-209": 0.15,
      "Tl-203": 0.05
    },
    "target_mass_g": 4.0,
    "irradiation_time_s": 360000.0
  },
  "results": {
    "total_reactions": 449279999999,
    "gold_atoms_produced": 8961882,
    "energy_deposited_mev": 65707199999999.984
  },
  "simulation_info": {
    "name": "sweep_1200",
    "timestamp": 1750391565.7912068,
    "duration_s": 6.985664367675781e-05
  }
}