{
  "parameters": {
    "beam_energy_mev": 13.5,
    "beam_current_ua": 10.0,
    "target_composition": {
      "Pb-208": 1.0
    },
    "target_mass_g": 4.0,
    "irradiation_time_s": 31891.20445476297
  },
  "results": {
    "total_reactions": 39800223159,
    "gold_atoms_produced": 360130,
    "energy_deposited_mev": 4029772594903.8486
  },
  "simulation_info": {
    "name": "sweep_430",
    "timestamp": 1750391562.6561654,
    "duration_s": 5.936622619628906e-05
  }
}