{
  "parameters": {
    "beam_energy_mev": 11.5,
    "beam_current_ua": 10.0,
    "target_composition": {
      "Pb-208": 0.9,
      "Bi-209": 0.1
    },
    "target_mass_g": 4.0,
    "irradiation_time_s": 360000.0
  },
  "results": {
    "total_reactions": 449279999999,
    "gold_atoms_produced": 21605629,
    "energy_deposited_mev": 38750399999999.99
  },
  "simulation_info": {
    "name": "sweep_220",
    "timestamp": 1750391561.7408645,
    "duration_s": 6.866455078125e-05
  }
}