{
  "parameters": {
    "beam_energy_mev": 10.5,
    "beam_current_ua": 10.0,
    "target_composition": {
      "Pb-208": 0.9,
      "Bi-209": 0.1
    },
    "target_mass_g": 4.0,
    "irradiation_time_s": 7448.897092013243
  },
  "results": {
    "total_reactions": 9296223570,
    "gold_atoms_produced": 5699,
    "energy_deposited_mev": 732077606203.0614
  },
  "simulation_info": {
    "name": "sweep_084",
    "timestamp": 1750391561.0530527,
    "duration_s": 4.00543212890625e-05
  }
}