{
  "parameters": {
    "beam_energy_mev": 13.0,
    "beam_current_ua": 10.0,
    "target_composition": {
      "Pb-208": 0.9,
      "Bi-209": 0.1
    },
    "target_mass_g": 4.0,
    "irradiation_time_s": 4587.389948531281
  },
  "results": {
    "total_reactions": 5725062655,
    "gold_atoms_produced": 6607,
    "energy_deposited_mev": 558193608937.2863
  },
  "simulation_info": {
    "name": "sweep_382",
    "timestamp": 1750391562.4253578,
    "duration_s": 4.7206878662109375e-05
  }
}