{
  "parameters": {
    "beam_energy_mev": 17.5,
    "beam_current_ua": 10.0,
    "target_composition": {
      "Pb-208": 0.8,
      "Bi-209": 0.15,
      "Tl-203": 0.05
    },
    "target_mass_g": 4.0,
    "irradiation_time_s": 12095.345830621614
  },
  "results": {
    "total_reactions": 15094991596,
    "gold_atoms_produced": 18426,
    "energy_deposited_mev": 1981217647055.82
  },
  "simulation_info": {
    "name": "sweep_946",
    "timestamp": 1750391564.7498085,
    "duration_s": 9.274482727050781e-05
  }
}