{
  "parameters": {
    "beam_energy_mev": 16.0,
    "beam_current_ua": 10.0,
    "target_composition": {
      "Pb-208": 0.8,
      "Bi-209": 0.15,
      "Tl-203": 0.05
    },
    "target_mass_g": 4.0,
    "irradiation_time_s": 9491.94323542929
  },
  "results": {
    "total_reactions": 11845945157,
    "gold_atoms_produced": 17419,
    "energy_deposited_mev": 1421513418937.8901
  },
  "simulation_info": {
    "name": "sweep_765",
    "timestamp": 1750391564.0096705,
    "duration_s": 4.553794860839844e-05
  }
}