feedstock,feedstock_cost_per_g,gold_revenue_per_g,yield_g_au_per_g_feed,mass_produced_g,feedstock_mass_g,conversion_efficiency,gross_revenue,feed_cost,energy_cost,overhead_cost,total_cost,profit,roi_percent,lv_enhancement
Hg-202,0.06,108.36,5.513843109074138e-07,5.513843109074138e-07,1.0,5.653788365649623e-05,5.974800392992736e-05,0.06,1.675516081914556e-12,33.333333333333336,33.39333333333501,-33.39327358533108,-99.99982107804773,1.0000000000009535
Pt-197,41.64,108.36,7.133350569195982e-07,7.133350569195982e-07,1.0,7.133350569195983e-05,7.729698676780766e-05,41.64,1.675516081914556e-12,33.333333333333336,74.973333333335,-74.97325603634823,-99.99989690069344,1.0000000000009535
Pb-208,0.002,108.36,1.4475494393713105e-07,1.4475494393713105e-07,1.0,1.52837707304179e-05,1.5685645725027522e-05,0.002,1.675516081914556e-12,33.333333333333336,33.33533333333501,-33.33531764768928,-99.99995294588606,1.0000000000009535
Fe-56,0.00011999999999999999,108.36,5.492477850119649e-15,5.492477850119649e-15,1.0,1.5613135005416262e-13,5.951648998389652e-13,0.00012,1.675516081914556e-12,33.333333333333336,33.33345333333501,-33.33345333333441,-99.99999999999821,1.0000000000009535
