{
  "parameters": {
    "beam_energy_mev": 20.0,
    "beam_current_ua": 10.0,
    "target_composition": {
      "Pb-208": 1.0
    },
    "target_mass_g": 4.0,
    "irradiation_time_s": 84085.97288724437
  },
  "results": {
    "total_reactions": 104939294163,
    "gold_atoms_produced": 437250,
    "energy_deposited_mev": 15740894124492.143
  },
  "simulation_info": {
    "name": "sweep_1214",
    "timestamp": 1750391565.8496056,
    "duration_s": 7.390975952148438e-05
  }
}