{
  "parameters": {
    "beam_energy_mev": 16.5,
    "beam_current_ua": 10.0,
    "target_composition": {
      "Pb-208": 0.8,
      "Bi-209": 0.15,
      "Tl-203": 0.05
    },
    "target_mass_g": 4.0,
    "irradiation_time_s": 65987.30558996768
  },
  "results": {
    "total_reactions": 82352157376,
    "gold_atoms_produced": 725419,
    "energy_deposited_mev": 10191079475314.607
  },
  "simulation_info": {
    "name": "sweep_833",
    "timestamp": 1750391564.2700572,
    "duration_s": 5.6743621826171875e-05
  }
}