{
  "parameters": {
    "beam_energy_mev": 16.5,
    "beam_current_ua": 10.0,
    "target_composition": {
      "Pb-208": 1.0
    },
    "target_mass_g": 4.0,
    "irradiation_time_s": 282513.589326526
  },
  "results": {
    "total_reactions": 352576959479,
    "gold_atoms_produced": 14673542,
    "energy_deposited_mev": 43631398735588.664
  },
  "simulation_info": {
    "name": "sweep_799",
    "timestamp": 1750391564.1367128,
    "duration_s": 7.271766662597656e-05
  }
}