{
  "parameters": {
    "beam_energy_mev": 15.5,
    "beam_current_ua": 10.0,
    "target_composition": {
      "Pb-208": 1.0
    },
    "target_mass_g": 4.0,
    "irradiation_time_s": 282513.589326526
  },
  "results": {
    "total_reactions": 352576959479,
    "gold_atoms_produced": 20113974,
    "energy_deposited_mev": 40987071539492.38
  },
  "simulation_info": {
    "name": "sweep_679",
    "timestamp": 1750391563.6892028,
    "duration_s": 5.91278076171875e-05
  }
}