{
  "parameters": {
    "beam_energy_mev": 10.5,
    "beam_current_ua": 10.0,
    "target_composition": {
      "Pb-208": 0.8,
      "Bi-209": 0.15,
      "Tl-203": 0.05
    },
    "target_mass_g": 4.0,
    "irradiation_time_s": 15412.796635389815
  },
  "results": {
    "total_reactions": 19235170200,
    "gold_atoms_produced": 22359,
    "energy_deposited_mev": 1514769653326.1106
  },
  "simulation_info": {
    "name": "sweep_107",
    "timestamp": 1750391561.1204534,
    "duration_s": 4.4345855712890625e-05
  }
}