{
  "parameters": {
    "beam_energy_mev": 15.0,
    "beam_current_ua": 10.0,
    "target_composition": {
      "Pb-208": 0.8,
      "Bi-209": 0.15,
      "Tl-203": 0.05
    },
    "target_mass_g": 4.0,
    "irradiation_time_s": 9491.94323542929
  },
  "results": {
    "total_reactions": 11845945157,
    "gold_atoms_produced": 24070,
    "energy_deposited_mev": 1332668830254.2722
  },
  "simulation_info": {
    "name": "sweep_645",
    "timestamp": 1750391563.5419996,
    "duration_s": 5.364418029785156e-05
  }
}