{
  "parameters": {
    "beam_energy_mev": 10.0,
    "beam_current_ua": 10.0,
    "target_composition": {
      "Pb-208": 0.8,
      "Bi-209": 0.15,
      "Tl-203": 0.05
    },
    "target_mass_g": 4.0,
    "irradiation_time_s": 51784.19597835586
  },
  "results": {
    "total_reactions": 64626676580,
    "gold_atoms_produced": 202156,
    "energy_deposited_mev": 4847000743574.108
  },
  "simulation_info": {
    "name": "sweep_052",
    "timestamp": 1750391560.9383812,
    "duration_s": 7.510185241699219e-05
  }
}