{
  "parameters": {
    "beam_energy_mev": 13.5,
    "beam_current_ua": 10.0,
    "target_composition": {
      "Pb-208": 1.0
    },
    "target_mass_g": 4.0,
    "irradiation_time_s": 173985.48858858307
  },
  "results": {
    "total_reactions": 217133889758,
    "gold_atoms_produced": 10718735,
    "energy_deposited_mev": 21984806338053.355
  },
  "simulation_info": {
    "name": "sweep_437",
    "timestamp": 1750391562.6927493,
    "duration_s": 5.173683166503906e-05
  }
}