{
  "parameters": {
    "beam_energy_mev": 16.0,
    "beam_current_ua": 10.0,
    "target_composition": {
      "Pb-208": 0.8,
      "Bi-209": 0.15,
      "Tl-203": 0.05
    },
    "target_mass_g": 4.0,
    "irradiation_time_s": 221705.35598376938
  },
  "results": {
    "total_reactions": 276688284267,
    "gold_atoms_produced": 9503415,
    "energy_deposited_mev": 33202594112129.297
  },
  "simulation_info": {
    "name": "sweep_778",
    "timestamp": 1750391564.0528336,
    "duration_s": 5.6743621826171875e-05
  }
}