{
  "parameters": {
    "beam_energy_mev": 10.5,
    "beam_current_ua": 10.0,
    "target_composition": {
      "Pb-208": 1.0
    },
    "target_mass_g": 4.0,
    "irradiation_time_s": 12095.345830621614
  },
  "results": {
    "total_reactions": 15094991596,
    "gold_atoms_produced": 15945,
    "energy_deposited_mev": 1188730588233.492
  },
  "simulation_info": {
    "name": "sweep_066",
    "timestamp": 1750391560.990371,
    "duration_s": 4.291534423828125e-05
  }
}