{
  "parameters": {
    "beam_energy_mev": 12.5,
    "beam_current_ua": 10.0,
    "target_composition": {
      "Pb-208": 0.9,
      "Bi-209": 0.1
    },
    "target_mass_g": 4.0,
    "irradiation_time_s": 7448.897092013243
  },
  "results": {
    "total_reactions": 9296223570,
    "gold_atoms_produced": 14793,
    "energy_deposited_mev": 871520959765.5493
  },
  "simulation_info": {
    "name": "sweep_324",
    "timestamp": 1750391562.1903062,
    "duration_s": 4.553794860839844e-05
  }
}