{
  "parameters": {
    "beam_energy_mev": 10.0,
    "beam_current_ua": 10.0,
    "target_composition": {
      "Pb-208": 1.0
    },
    "target_mass_g": 4.0,
    "irradiation_time_s": 19640.14121220667
  },
  "results": {
    "total_reactions": 24510896232,
    "gold_atoms_produced": 33637,
    "energy_deposited_mev": 1838317217462.5435
  },
  "simulation_info": {
    "name": "sweep_008",
    "timestamp": 1750391560.750647,
    "duration_s": 8.940696716308594e-05
  }
}