{
  "parameters": {
    "beam_energy_mev": 20.0,
    "beam_current_ua": 10.0,
    "target_composition": {
      "Pb-208": 0.9,
      "Bi-209": 0.1
    },
    "target_mass_g": 4.0,
    "irradiation_time_s": 84085.97288724437
  },
  "results": {
    "total_reactions": 104939294163,
    "gold_atoms_produced": 405186,
    "energy_deposited_mev": 15740894124492.143
  },
  "simulation_info": {
    "name": "sweep_1234",
    "timestamp": 1750391566.0682943,
    "duration_s": 5.626678466796875e-05
  }
}