{
  "parameters": {
    "beam_energy_mev": 11.0,
    "beam_current_ua": 10.0,
    "target_composition": {
      "Pb-208": 0.9,
      "Bi-209": 0.1
    },
    "target_mass_g": 4.0,
    "irradiation_time_s": 19640.14121220667
  },
  "results": {
    "total_reactions": 24510896232,
    "gold_atoms_produced": 50215,
    "energy_deposited_mev": 2022148939208.798
  },
  "simulation_info": {
    "name": "sweep_148",
    "timestamp": 1750391561.25947,
    "duration_s": 3.814697265625e-05
  }
}