{
  "parameters": {
    "beam_energy_mev": 10.0,
    "beam_current_ua": 10.0,
    "target_composition": {
      "Pb-208": 1.0
    },
    "target_mass_g": 4.0,
    "irradiation_time_s": 221705.35598376938
  },
  "results": {
    "total_reactions": 276688284267,
    "gold_atoms_produced": 4286309,
    "energy_deposited_mev": 20751621320080.81
  },
  "simulation_info": {
    "name": "sweep_018",
    "timestamp": 1750391560.802183,
    "duration_s": 4.2438507080078125e-05
  }
}