{
  "parameters": {
    "beam_energy_mev": 16.5,
    "beam_current_ua": 10.0,
    "target_composition": {
      "Pb-208": 0.9,
      "Bi-209": 0.1
    },
    "target_mass_g": 4.0,
    "irradiation_time_s": 136536.84686636098
  },
  "results": {
    "total_reactions": 170397984889,
    "gold_atoms_produced": 3197195,
    "energy_deposited_mev": 21086750630040.785
  },
  "simulation_info": {
    "name": "sweep_816",
    "timestamp": 1750391564.204628,
    "duration_s": 7.677078247070312e-05
  }
}