{
  "parameters": {
    "beam_energy_mev": 16.0,
    "beam_current_ua": 10.0,
    "target_composition": {
      "Pb-208": 1.0
    },
    "target_mass_g": 4.0,
    "irradiation_time_s": 19640.14121220667
  },
  "results": {
    "total_reactions": 24510896232,
    "gold_atoms_produced": 82614,
    "energy_deposited_mev": 2941307547940.0703
  },
  "simulation_info": {
    "name": "sweep_728",
    "timestamp": 1750391563.88069,
    "duration_s": 0.00011515617370605469
  }
}