{
  "parameters": {
    "beam_energy_mev": 17.5,
    "beam_current_ua": 10.0,
    "target_composition": {
      "Pb-208": 0.8,
      "Bi-209": 0.15,
      "Tl-203": 0.05
    },
    "target_mass_g": 4.0,
    "irradiation_time_s": 173985.48858858307
  },
  "results": {
    "total_reactions": 217133889758,
    "gold_atoms_produced": 3812697,
    "energy_deposited_mev": 28498823030809.902
  },
  "simulation_info": {
    "name": "sweep_957",
    "timestamp": 1750391564.7902367,
    "duration_s": 9.989738464355469e-05
  }
}