{
  "parameters": {
    "beam_energy_mev": 14.0,
    "beam_current_ua": 10.0,
    "target_composition": {
      "Pb-208": 1.0
    },
    "target_mass_g": 4.0,
    "irradiation_time_s": 360000.0
  },
  "results": {
    "total_reactions": 449279999999,
    "gold_atoms_produced": 43193504,
    "energy_deposited_mev": 47174399999999.99
  },
  "simulation_info": {
    "name": "sweep_500",
    "timestamp": 1750391562.9628983,
    "duration_s": 5.745887756347656e-05
  }
}