{
  "parameters": {
    "beam_energy_mev": 15.5,
    "beam_current_ua": 10.0,
    "target_composition": {
      "Pb-208": 1.0
    },
    "target_mass_g": 4.0,
    "irradiation_time_s": 84085.97288724437
  },
  "results": {
    "total_reactions": 104939294163,
    "gold_atoms_produced": 1781830,
    "energy_deposited_mev": 12199192946481.41
  },
  "simulation_info": {
    "name": "sweep_674",
    "timestamp": 1750391563.6685796,
    "duration_s": 6.508827209472656e-05
  }
}