{
  "parameters": {
    "beam_energy_mev": 17.0,
    "beam_current_ua": 10.0,
    "target_composition": {
      "Pb-208": 0.9,
      "Bi-209": 0.1
    },
    "target_mass_g": 4.0,
    "irradiation_time_s": 51784.19597835586
  },
  "results": {
    "total_reactions": 64626676580,
    "gold_atoms_produced": 396716,
    "energy_deposited_mev": 8239901264075.983
  },
  "simulation_info": {
    "name": "sweep_872",
    "timestamp": 1750391564.4588637,
    "duration_s": 4.673004150390625e-05
  }
}