{
  "parameters": {
    "beam_energy_mev": 16.5,
    "beam_current_ua": 10.0,
    "target_composition": {
      "Pb-208": 0.8,
      "Bi-209": 0.15,
      "Tl-203": 0.05
    },
    "target_mass_g": 4.0,
    "irradiation_time_s": 19640.14121220667
  },
  "results": {
    "total_reactions": 24510896232,
    "gold_atoms_produced": 64262,
    "energy_deposited_mev": 3033223408813.1978
  },
  "simulation_info": {
    "name": "sweep_828",
    "timestamp": 1750391564.2521086,
    "duration_s": 9.083747863769531e-05
  }
}