{
  "parameters": {
    "beam_energy_mev": 11.0,
    "beam_current_ua": 10.0,
    "target_composition": {
      "Pb-208": 0.8,
      "Bi-209": 0.15,
      "Tl-203": 0.05
    },
    "target_mass_g": 4.0,
    "irradiation_time_s": 31891.20445476297
  },
  "results": {
    "total_reactions": 39800223159,
    "gold_atoms_produced": 121274,
    "energy_deposited_mev": 3283518410662.395
  },
  "simulation_info": {
    "name": "sweep_170",
    "timestamp": 1750391561.353931,
    "duration_s": 8.392333984375e-05
  }
}