{
  "parameters": {
    "beam_energy_mev": 16.0,
    "beam_current_ua": 10.0,
    "target_composition": {
      "Pb-208": 0.8,
      "Bi-209": 0.15,
      "Tl-203": 0.05
    },
    "target_mass_g": 4.0,
    "irradiation_time_s": 5845.596261079398
  },
  "results": {
    "total_reactions": 7295304133,
    "gold_atoms_produced": 6606,
    "energy_deposited_mev": 875436496059.2505
  },
  "simulation_info": {
    "name": "sweep_763",
    "timestamp": 1750391564.003808,
    "duration_s": 0.00010132789611816406
  }
}