{
  "parameters": {
    "beam_energy_mev": 20.0,
    "beam_current_ua": 10.0,
    "target_composition": {
      "Pb-208": 1.0
    },
    "target_mass_g": 4.0,
    "irradiation_time_s": 19640.14121220667
  },
  "results": {
    "total_reactions": 24510896232,
    "gold_atoms_produced": 23854,
    "energy_deposited_mev": 3676634434925.087
  },
  "simulation_info": {
    "name": "sweep_1208",
    "timestamp": 1750391565.8223512,
    "duration_s": 7.271766662597656e-05
  }
}