{
  "parameters": {
    "beam_energy_mev": 13.0,
    "beam_current_ua": 10.0,
    "target_composition": {
      "Pb-208": 0.8,
      "Bi-209": 0.15,
      "Tl-203": 0.05
    },
    "target_mass_g": 4.0,
    "irradiation_time_s": 4587.389948531281
  },
  "results": {
    "total_reactions": 5725062655,
    "gold_atoms_produced": 6221,
    "energy_deposited_mev": 558193608937.2863
  },
  "simulation_info": {
    "name": "sweep_402",
    "timestamp": 1750391562.5031588,
    "duration_s": 8.463859558105469e-05
  }
}