{
  "parameters": {
    "beam_energy_mev": 13.5,
    "beam_current_ua": 10.0,
    "target_composition": {
      "Pb-208": 1.0
    },
    "target_mass_g": 4.0,
    "irradiation_time_s": 40638.164100648806
  },
  "results": {
    "total_reactions": 50716428797,
    "gold_atoms_produced": 584770,
    "energy_deposited_mev": 5135038415757.982
  },
  "simulation_info": {
    "name": "sweep_431",
    "timestamp": 1750391562.6600034,
    "duration_s": 5.793571472167969e-05
  }
}