{
  "parameters": {
    "beam_energy_mev": 10.5,
    "beam_current_ua": 10.0,
    "target_composition": {
      "Pb-208": 0.9,
      "Bi-209": 0.1
    },
    "target_mass_g": 4.0,
    "irradiation_time_s": 31891.20445476297
  },
  "results": {
    "total_reactions": 39800223159,
    "gold_atoms_produced": 104463,
    "energy_deposited_mev": 3134267573814.104
  },
  "simulation_info": {
    "name": "sweep_090",
    "timestamp": 1750391561.069692,
    "duration_s": 4.4345855712890625e-05
  }
}