{
  "parameters": {
    "beam_energy_mev": 19.0,
    "beam_current_ua": 10.0,
    "target_composition": {
      "Pb-208": 0.9,
      "Bi-209": 0.1
    },
    "target_mass_g": 4.0,
    "irradiation_time_s": 4587.389948531281
  },
  "results": {
    "total_reactions": 5725062655,
    "gold_atoms_produced": 1702,
    "energy_deposited_mev": 815821428446.803
  },
  "simulation_info": {
    "name": "sweep_1102",
    "timestamp": 1750391565.3867323,
    "duration_s": 8.463859558105469e-05
  }
}