{
  "parameters": {
    "beam_energy_mev": 11.0,
    "beam_current_ua": 10.0,
    "target_composition": {
      "Pb-208": 0.9,
      "Bi-209": 0.1
    },
    "target_mass_g": 4.0,
    "irradiation_time_s": 7448.897092013243
  },
  "results": {
    "total_reactions": 9296223570,
    "gold_atoms_produced": 7223,
    "energy_deposited_mev": 766938444593.6835
  },
  "simulation_info": {
    "name": "sweep_144",
    "timestamp": 1750391561.2463477,
    "duration_s": 3.814697265625e-05
  }
}