{
  "parameters": {
    "beam_energy_mev": 12.5,
    "beam_current_ua": 10.0,
    "target_composition": {
      "Pb-208": 1.0
    },
    "target_mass_g": 4.0,
    "irradiation_time_s": 31891.20445476297
  },
  "results": {
    "total_reactions": 39800223159,
    "gold_atoms_produced": 288189,
    "energy_deposited_mev": 3731270921207.267
  },
  "simulation_info": {
    "name": "sweep_310",
    "timestamp": 1750391562.1328123,
    "duration_s": 8.0108642578125e-05
  }
}