{
  "parameters": {
    "beam_energy_mev": 10.5,
    "beam_current_ua": 10.0,
    "target_composition": {
      "Pb-208": 1.0
    },
    "target_mass_g": 4.0,
    "irradiation_time_s": 5845.596261079398
  },
  "results": {
    "total_reactions": 7295304133,
    "gold_atoms_produced": 3724,
    "energy_deposited_mev": 574505200538.883
  },
  "simulation_info": {
    "name": "sweep_063",
    "timestamp": 1750391560.9816134,
    "duration_s": 4.267692565917969e-05
  }
}