{
  "parameters": {
    "beam_energy_mev": 15.5,
    "beam_current_ua": 10.0,
    "target_composition": {
      "Pb-208": 0.9,
      "Bi-209": 0.1
    },
    "target_mass_g": 4.0,
    "irradiation_time_s": 7448.897092013243
  },
  "results": {
    "total_reactions": 9296223570,
    "gold_atoms_produced": 13122,
    "energy_deposited_mev": 1080685990109.2811
  },
  "simulation_info": {
    "name": "sweep_684",
    "timestamp": 1750391563.709586,
    "duration_s": 5.316734313964844e-05
  }
}