{
  "parameters": {
    "beam_energy_mev": 14.0,
    "beam_current_ua": 10.0,
    "target_composition": {
      "Pb-208": 0.9,
      "Bi-209": 0.1
    },
    "target_mass_g": 4.0,
    "irradiation_time_s": 136536.84686636098
  },
  "results": {
    "total_reactions": 170397984889,
    "gold_atoms_produced": 5887787,
    "energy_deposited_mev": 17891788413367.94
  },
  "simulation_info": {
    "name": "sweep_516",
    "timestamp": 1750391563.0518265,
    "duration_s": 9.012222290039062e-05
  }
}