{
  "parameters": {
    "beam_energy_mev": 18.5,
    "beam_current_ua": 10.0,
    "target_composition": {
      "Pb-208": 0.9,
      "Bi-209": 0.1
    },
    "target_mass_g": 4.0,
    "irradiation_time_s": 25026.94066239218
  },
  "results": {
    "total_reactions": 31233621946,
    "gold_atoms_produced": 59452,
    "energy_deposited_mev": 4333665045099.828
  },
  "simulation_info": {
    "name": "sweep_1049",
    "timestamp": 1750391565.1654093,
    "duration_s": 0.00010013580322265625
  }
}