{
  "parameters": {
    "beam_energy_mev": 20.0,
    "beam_current_ua": 10.0,
    "target_composition": {
      "Pb-208": 0.8,
      "Bi-209": 0.15,
      "Tl-203": 0.05
    },
    "target_mass_g": 4.0,
    "irradiation_time_s": 65987.30558996768
  },
  "results": {
    "total_reactions": 82352157376,
    "gold_atoms_produced": 254038,
    "energy_deposited_mev": 12352823606441.947
  },
  "simulation_info": {
    "name": "sweep_1253",
    "timestamp": 1750391566.1394029,
    "duration_s": 9.179115295410156e-05
  }
}