{
  "parameters": {
    "beam_energy_mev": 18.5,
    "beam_current_ua": 10.0,
    "target_composition": {
      "Pb-208": 0.8,
      "Bi-209": 0.15,
      "Tl-203": 0.05
    },
    "target_mass_g": 4.0,
    "irradiation_time_s": 31891.20445476297
  },
  "results": {
    "total_reactions": 39800223159,
    "gold_atoms_produced": 96288,
    "energy_deposited_mev": 5522280963386.755
  },
  "simulation_info": {
    "name": "sweep_1070",
    "timestamp": 1750391565.2485557,
    "duration_s": 7.915496826171875e-05
  }
}