{
  "parameters": {
    "beam_energy_mev": 17.5,
    "beam_current_ua": 10.0,
    "target_composition": {
      "Pb-208": 0.9,
      "Bi-209": 0.1
    },
    "target_mass_g": 4.0,
    "irradiation_time_s": 360000.0
  },
  "results": {
    "total_reactions": 449279999999,
    "gold_atoms_produced": 16583305,
    "energy_deposited_mev": 58967999999999.99
  },
  "simulation_info": {
    "name": "sweep_940",
    "timestamp": 1750391564.7258651,
    "duration_s": 6.461143493652344e-05
  }
}