{
  "parameters": {
    "beam_energy_mev": 16.0,
    "beam_current_ua": 10.0,
    "target_composition": {
      "Pb-208": 1.0
    },
    "target_mass_g": 4.0,
    "irradiation_time_s": 7448.897092013243
  },
  "results": {
    "total_reactions": 9296223570,
    "gold_atoms_produced": 11883,
    "energy_deposited_mev": 1115546828499.903
  },
  "simulation_info": {
    "name": "sweep_724",
    "timestamp": 1750391563.8662252,
    "duration_s": 8.296966552734375e-05
  }
}