{
  "parameters": {
    "beam_energy_mev": 14.0,
    "beam_current_ua": 10.0,
    "target_composition": {
      "Pb-208": 1.0
    },
    "target_mass_g": 4.0,
    "irradiation_time_s": 31891.20445476297
  },
  "results": {
    "total_reactions": 39800223159,
    "gold_atoms_produced": 338965,
    "energy_deposited_mev": 4179023431752.1387
  },
  "simulation_info": {
    "name": "sweep_490",
    "timestamp": 1750391562.9278364,
    "duration_s": 8.630752563476562e-05
  }
}