{
  "parameters": {
    "beam_energy_mev": 16.0,
    "beam_current_ua": 10.0,
    "target_composition": {
      "Pb-208": 0.9,
      "Bi-209": 0.1
    },
    "target_mass_g": 4.0,
    "irradiation_time_s": 51784.19597835586
  },
  "results": {
    "total_reactions": 64626676580,
    "gold_atoms_produced": 537386,
    "energy_deposited_mev": 7755201189718.572
  },
  "simulation_info": {
    "name": "sweep_752",
    "timestamp": 1750391563.9672604,
    "duration_s": 6.604194641113281e-05
  }
}