{
  "parameters": {
    "beam_energy_mev": 13.0,
    "beam_current_ua": 10.0,
    "target_composition": {
      "Pb-208": 1.0
    },
    "target_mass_g": 4.0,
    "irradiation_time_s": 15412.796635389815
  },
  "results": {
    "total_reactions": 19235170200,
    "gold_atoms_produced": 79186,
    "energy_deposited_mev": 1875429094594.2324
  },
  "simulation_info": {
    "name": "sweep_367",
    "timestamp": 1750391562.371104,
    "duration_s": 8.368492126464844e-05
  }
}