{
  "parameters": {
    "beam_energy_mev": 18.0,
    "beam_current_ua": 10.0,
    "target_composition": {
      "Pb-208": 0.8,
      "Bi-209": 0.15,
      "Tl-203": 0.05
    },
    "target_mass_g": 4.0,
    "irradiation_time_s": 4587.389948531281
  },
  "results": {
    "total_reactions": 5725062655,
    "gold_atoms_produced": 2303,
    "energy_deposited_mev": 772883458528.55
  },
  "simulation_info": {
    "name": "sweep_1002",
    "timestamp": 1750391564.9780786,
    "duration_s": 6.341934204101562e-05
  }
}