{
  "parameters": {
    "beam_energy_mev": 12.0,
    "beam_current_ua": 10.0,
    "target_composition": {
      "Pb-208": 1.0
    },
    "target_mass_g": 4.0,
    "irradiation_time_s": 136536.84686636098
  },
  "results": {
    "total_reactions": 170397984889,
    "gold_atoms_produced": 4226251,
    "energy_deposited_mev": 15335818640029.664
  },
  "simulation_info": {
    "name": "sweep_256",
    "timestamp": 1750391561.91219,
    "duration_s": 4.982948303222656e-05
  }
}