{
  "parameters": {
    "beam_energy_mev": 12.0,
    "beam_current_ua": 10.0,
    "target_composition": {
      "Pb-208": 1.0
    },
    "target_mass_g": 4.0,
    "irradiation_time_s": 173985.48858858307
  },
  "results": {
    "total_reactions": 217133889758,
    "gold_atoms_produced": 6862488,
    "energy_deposited_mev": 19542050078269.65
  },
  "simulation_info": {
    "name": "sweep_257",
    "timestamp": 1750391561.9165828,
    "duration_s": 9.965896606445312e-05
  }
}