{
  "parameters": {
    "beam_energy_mev": 19.5,
    "beam_current_ua": 10.0,
    "target_composition": {
      "Pb-208": 1.0
    },
    "target_mass_g": 4.0,
    "irradiation_time_s": 360000.0
  },
  "results": {
    "total_reactions": 449279999999,
    "gold_atoms_produced": 9572309,
    "energy_deposited_mev": 65707199999999.984
  },
  "simulation_info": {
    "name": "sweep_1160",
    "timestamp": 1750391565.6004572,
    "duration_s": 9.870529174804688e-05
  }
}