{
  "parameters": {
    "beam_energy_mev": 10.0,
    "beam_current_ua": 10.0,
    "target_composition": {
      "Pb-208": 1.0
    },
    "target_mass_g": 4.0,
    "irradiation_time_s": 107148.65189872745
  },
  "results": {
    "total_reactions": 133721517569,
    "gold_atoms_produced": 1001162,
    "energy_deposited_mev": 10029113817720.889
  },
  "simulation_info": {
    "name": "sweep_015",
    "timestamp": 1750391560.7892404,
    "duration_s": 6.437301635742188e-05
  }
}