{
  "parameters": {
    "beam_energy_mev": 19.0,
    "beam_current_ua": 10.0,
    "target_composition": {
      "Pb-208": 0.9,
      "Bi-209": 0.1
    },
    "target_mass_g": 4.0,
    "irradiation_time_s": 15412.796635389815
  },
  "results": {
    "total_reactions": 19235170200,
    "gold_atoms_produced": 19223,
    "energy_deposited_mev": 2741011753637.724
  },
  "simulation_info": {
    "name": "sweep_1107",
    "timestamp": 1750391565.4059694,
    "duration_s": 6.628036499023438e-05
  }
}