{
  "parameters": {
    "beam_energy_mev": 18.5,
    "beam_current_ua": 10.0,
    "target_composition": {
      "Pb-208": 1.0
    },
    "target_mass_g": 4.0,
    "irradiation_time_s": 65987.30558996768
  },
  "results": {
    "total_reactions": 82352157376,
    "gold_atoms_produced": 446328,
    "energy_deposited_mev": 11426361835958.8
  },
  "simulation_info": {
    "name": "sweep_1033",
    "timestamp": 1750391565.096148,
    "duration_s": 0.00011348724365234375
  }
}