{
  "parameters": {
    "beam_energy_mev": 18.5,
    "beam_current_ua": 10.0,
    "target_composition": {
      "Pb-208": 0.8,
      "Bi-209": 0.15,
      "Tl-203": 0.05
    },
    "target_mass_g": 4.0,
    "irradiation_time_s": 25026.94066239218
  },
  "results": {
    "total_reactions": 31233621946,
    "gold_atoms_produced": 59298,
    "energy_deposited_mev": 4333665045099.828
  },
  "simulation_info": {
    "name": "sweep_1069",
    "timestamp": 1750391565.2444139,
    "duration_s": 4.839897155761719e-05
  }
}