{
  "parameters": {
    "beam_energy_mev": 20.0,
    "beam_current_ua": 10.0,
    "target_composition": {
      "Pb-208": 0.9,
      "Bi-209": 0.1
    },
    "target_mass_g": 4.0,
    "irradiation_time_s": 5845.596261079398
  },
  "results": {
    "total_reactions": 7295304133,
    "gold_atoms_produced": 1958,
    "energy_deposited_mev": 1094295620074.0631
  },
  "simulation_info": {
    "name": "sweep_1223",
    "timestamp": 1750391565.9973485,
    "duration_s": 0.0001010894775390625
  }
}