{
  "parameters": {
    "beam_energy_mev": 20.0,
    "beam_current_ua": 10.0,
    "target_composition": {
      "Pb-208": 0.8,
      "Bi-209": 0.15,
      "Tl-203": 0.05
    },
    "target_mass_g": 4.0,
    "irradiation_time_s": 40638.164100648806
  },
  "results": {
    "total_reactions": 50716428797,
    "gold_atoms_produced": 96348,
    "energy_deposited_mev": 7607464319641.455
  },
  "simulation_info": {
    "name": "sweep_1251",
    "timestamp": 1750391566.1313477,
    "duration_s": 8.106231689453125e-05
  }
}