{
  "parameters": {
    "beam_energy_mev": 19.5,
    "beam_current_ua": 10.0,
    "target_composition": {
      "Pb-208": 0.9,
      "Bi-209": 0.1
    },
    "target_mass_g": 4.0,
    "irradiation_time_s": 4587.389948531281
  },
  "results": {
    "total_reactions": 5725062655,
    "gold_atoms_produced": 1439,
    "energy_deposited_mev": 837290413405.9293
  },
  "simulation_info": {
    "name": "sweep_1162",
    "timestamp": 1750391565.6085615,
    "duration_s": 9.655952453613281e-05
  }
}