{
  "parameters": {
    "beam_energy_mev": 16.0,
    "beam_current_ua": 10.0,
    "target_composition": {
      "Pb-208": 0.8,
      "Bi-209": 0.15,
      "Tl-203": 0.05
    },
    "target_mass_g": 4.0,
    "irradiation_time_s": 19640.14121220667
  },
  "results": {
    "total_reactions": 24510896232,
    "gold_atoms_produced": 74579,
    "energy_deposited_mev": 2941307547940.0703
  },
  "simulation_info": {
    "name": "sweep_768",
    "timestamp": 1750391564.0204208,
    "duration_s": 4.482269287109375e-05
  }
}