{
  "parameters": {
    "beam_energy_mev": 18.5,
    "beam_current_ua": 10.0,
    "target_composition": {
      "Pb-208": 1.0
    },
    "target_mass_g": 4.0,
    "irradiation_time_s": 4587.389948531281
  },
  "results": {
    "total_reactions": 5725062655,
    "gold_atoms_produced": 2157,
    "energy_deposited_mev": 794352443487.6764
  },
  "simulation_info": {
    "name": "sweep_1022",
    "timestamp": 1750391565.0544536,
    "duration_s": 5.936622619628906e-05
  }
}