{
  "parameters": {
    "beam_energy_mev": 13.5,
    "beam_current_ua": 10.0,
    "target_composition": {
      "Pb-208": 0.9,
      "Bi-209": 0.1
    },
    "target_mass_g": 4.0,
    "irradiation_time_s": 12095.345830621614
  },
  "results": {
    "total_reactions": 15094991596,
    "gold_atoms_produced": 48919,
    "energy_deposited_mev": 1528367899157.347
  },
  "simulation_info": {
    "name": "sweep_446",
    "timestamp": 1750391562.734962,
    "duration_s": 0.00011014938354492188
  }
}