{
  "parameters": {
    "beam_energy_mev": 13.5,
    "beam_current_ua": 10.0,
    "target_composition": {
      "Pb-208": 0.9,
      "Bi-209": 0.1
    },
    "target_mass_g": 4.0,
    "irradiation_time_s": 9491.94323542929
  },
  "results": {
    "total_reactions": 11845945157,
    "gold_atoms_produced": 30126,
    "energy_deposited_mev": 1199401947228.845
  },
  "simulation_info": {
    "name": "sweep_445",
    "timestamp": 1750391562.7280939,
    "duration_s": 7.152557373046875e-05
  }
}