{
  "parameters": {
    "beam_energy_mev": 17.0,
    "beam_current_ua": 10.0,
    "target_composition": {
      "Pb-208": 0.9,
      "Bi-209": 0.1
    },
    "target_mass_g": 4.0,
    "irradiation_time_s": 65987.30558996768
  },
  "results": {
    "total_reactions": 82352157376,
    "gold_atoms_produced": 644178,
    "energy_deposited_mev": 10499900065475.656
  },
  "simulation_info": {
    "name": "sweep_873",
    "timestamp": 1750391564.4615617,
    "duration_s": 4.506111145019531e-05
  }
}