{
  "parameters": {
    "beam_energy_mev": 17.5,
    "beam_current_ua": 10.0,
    "target_composition": {
      "Pb-208": 0.8,
      "Bi-209": 0.15,
      "Tl-203": 0.05
    },
    "target_mass_g": 4.0,
    "irradiation_time_s": 282513.589326526
  },
  "results": {
    "total_reactions": 352576959479,
    "gold_atoms_produced": 10052751,
    "energy_deposited_mev": 46275725931684.945
  },
  "simulation_info": {
    "name": "sweep_959",
    "timestamp": 1750391564.8016114,
    "duration_s": 0.00011324882507324219
  }
}