{
  "parameters": {
    "beam_energy_mev": 19.0,
    "beam_current_ua": 10.0,
    "target_composition": {
      "Pb-208": 0.9,
      "Bi-209": 0.1
    },
    "target_mass_g": 4.0,
    "irradiation_time_s": 7448.897092013243
  },
  "results": {
    "total_reactions": 9296223570,
    "gold_atoms_produced": 4489,
    "energy_deposited_mev": 1324711858843.635
  },
  "simulation_info": {
    "name": "sweep_1104",
    "timestamp": 1750391565.3934467,
    "duration_s": 6.103515625e-05
  }
}