{
  "parameters": {
    "beam_energy_mev": 18.0,
    "beam_current_ua": 10.0,
    "target_composition": {
      "Pb-208": 1.0
    },
    "target_mass_g": 4.0,
    "irradiation_time_s": 136536.84686636098
  },
  "results": {
    "total_reactions": 170397984889,
    "gold_atoms_produced": 2222355,
    "energy_deposited_mev": 23003727960044.492
  },
  "simulation_info": {
    "name": "sweep_976",
    "timestamp": 1750391564.8871179,
    "duration_s": 8.58306884765625e-05
  }
}