{
  "parameters": {
    "beam_energy_mev": 11.5,
    "beam_current_ua": 10.0,
    "target_composition": {
      "Pb-208": 0.9,
      "Bi-209": 0.1
    },
    "target_mass_g": 4.0,
    "irradiation_time_s": 173985.48858858307
  },
  "results": {
    "total_reactions": 217133889758,
    "gold_atoms_produced": 5046473,
    "energy_deposited_mev": 18727797991675.08
  },
  "simulation_info": {
    "name": "sweep_217",
    "timestamp": 1750391561.726621,
    "duration_s": 8.296966552734375e-05
  }
}