{
  "parameters": {
    "beam_energy_mev": 10.0,
    "beam_current_ua": 10.0,
    "target_composition": {
      "Pb-208": 1.0
    },
    "target_mass_g": 4.0,
    "irradiation_time_s": 5845.596261079398
  },
  "results": {
    "total_reactions": 7295304133,
    "gold_atoms_produced": 2979,
    "energy_deposited_mev": 547147810037.03156
  },
  "simulation_info": {
    "name": "sweep_003",
    "timestamp": 1750391560.7271168,
    "duration_s": 5.793571472167969e-05
  }
}