{
  "parameters": {
    "beam_energy_mev": 17.5,
    "beam_current_ua": 10.0,
    "target_composition": {
      "Pb-208": 1.0
    },
    "target_mass_g": 4.0,
    "irradiation_time_s": 25026.94066239218
  },
  "results": {
    "total_reactions": 31233621946,
    "gold_atoms_produced": 86333,
    "energy_deposited_mev": 4099412880499.838
  },
  "simulation_info": {
    "name": "sweep_909",
    "timestamp": 1750391564.588163,
    "duration_s": 4.935264587402344e-05
  }
}