{
  "parameters": {
    "beam_energy_mev": 11.5,
    "beam_current_ua": 10.0,
    "target_composition": {
      "Pb-208": 1.0
    },
    "target_mass_g": 4.0,
    "irradiation_time_s": 7448.897092013243
  },
  "results": {
    "total_reactions": 9296223570,
    "gold_atoms_produced": 9828,
    "energy_deposited_mev": 801799282984.3053
  },
  "simulation_info": {
    "name": "sweep_184",
    "timestamp": 1750391561.4270642,
    "duration_s": 6.031990051269531e-05
  }
}