{
  "parameters": {
    "beam_energy_mev": 12.5,
    "beam_current_ua": 10.0,
    "target_composition": {
      "Pb-208": 0.9,
      "Bi-209": 0.1
    },
    "target_mass_g": 4.0,
    "irradiation_time_s": 12095.345830621614
  },
  "results": {
    "total_reactions": 15094991596,
    "gold_atoms_produced": 39003,
    "energy_deposited_mev": 1415155462182.7285
  },
  "simulation_info": {
    "name": "sweep_326",
    "timestamp": 1750391562.1958697,
    "duration_s": 4.220008850097656e-05
  }
}