{
  "parameters": {
    "beam_energy_mev": 14.5,
    "beam_current_ua": 10.0,
    "target_composition": {
      "Pb-208": 0.9,
      "Bi-209": 0.1
    },
    "target_mass_g": 4.0,
    "irradiation_time_s": 31891.20445476297
  },
  "results": {
    "total_reactions": 39800223159,
    "gold_atoms_produced": 335330,
    "energy_deposited_mev": 4328274268600.4297
  },
  "simulation_info": {
    "name": "sweep_570",
    "timestamp": 1750391563.2765129,
    "duration_s": 0.00012373924255371094
  }
}