{
  "parameters": {
    "beam_energy_mev": 20.0,
    "beam_current_ua": 10.0,
    "target_composition": {
      "Pb-208": 0.8,
      "Bi-209": 0.15,
      "Tl-203": 0.05
    },
    "target_mass_g": 4.0,
    "irradiation_time_s": 7448.897092013243
  },
  "results": {
    "total_reactions": 9296223570,
    "gold_atoms_produced": 3237,
    "energy_deposited_mev": 1394433535624.8787
  },
  "simulation_info": {
    "name": "sweep_1244",
    "timestamp": 1750391566.1036963,
    "duration_s": 8.893013000488281e-05
  }
}