{
  "parameters": {
    "beam_energy_mev": 14.0,
    "beam_current_ua": 10.0,
    "target_composition": {
      "Pb-208": 0.9,
      "Bi-209": 0.1
    },
    "target_mass_g": 4.0,
    "irradiation_time_s": 5845.596261079398
  },
  "results": {
    "total_reactions": 7295304133,
    "gold_atoms_produced": 10792,
    "energy_deposited_mev": 766006934051.8441
  },
  "simulation_info": {
    "name": "sweep_503",
    "timestamp": 1750391562.9741201,
    "duration_s": 5.626678466796875e-05
  }
}