{
  "parameters": {
    "beam_energy_mev": 19.5,
    "beam_current_ua": 10.0,
    "target_composition": {
      "Pb-208": 1.0
    },
    "target_mass_g": 4.0,
    "irradiation_time_s": 173985.48858858307
  },
  "results": {
    "total_reactions": 217133889758,
    "gold_atoms_produced": 2235824,
    "energy_deposited_mev": 31755831377188.176
  },
  "simulation_info": {
    "name": "sweep_1157",
    "timestamp": 1750391565.5871289,
    "duration_s": 5.269050598144531e-05
  }
}