{
  "parameters": {
    "beam_energy_mev": 12.0,
    "beam_current_ua": 10.0,
    "target_composition": {
      "Pb-208": 1.0
    },
    "target_mass_g": 4.0,
    "irradiation_time_s": 25026.94066239218
  },
  "results": {
    "total_reactions": 31233621946,
    "gold_atoms_produced": 141994,
    "energy_deposited_mev": 2811025975199.889
  },
  "simulation_info": {
    "name": "sweep_249",
    "timestamp": 1750391561.8815358,
    "duration_s": 0.00010585784912109375
  }
}