{
  "parameters": {
    "beam_energy_mev": 19.5,
    "beam_current_ua": 10.0,
    "target_composition": {
      "Pb-208": 0.9,
      "Bi-209": 0.1
    },
    "target_mass_g": 4.0,
    "irradiation_time_s": 5845.596261079398
  },
  "results": {
    "total_reactions": 7295304133,
    "gold_atoms_produced": 2336,
    "energy_deposited_mev": 1066938229572.2114
  },
  "simulation_info": {
    "name": "sweep_1163",
    "timestamp": 1750391565.6126752,
    "duration_s": 0.00010824203491210938
  }
}