{
  "parameters": {
    "beam_energy_mev": 18.5,
    "beam_current_ua": 10.0,
    "target_composition": {
      "Pb-208": 0.8,
      "Bi-209": 0.15,
      "Tl-203": 0.05
    },
    "target_mass_g": 4.0,
    "irradiation_time_s": 173985.48858858307
  },
  "results": {
    "total_reactions": 217133889758,
    "gold_atoms_produced": 2865875,
    "energy_deposited_mev": 30127327203999.043
  },
  "simulation_info": {
    "name": "sweep_1077",
    "timestamp": 1750391565.2722952,
    "duration_s": 4.792213439941406e-05
  }
}