{
  "parameters": {
    "beam_energy_mev": 15.0,
    "beam_current_ua": 10.0,
    "target_composition": {
      "Pb-208": 0.9,
      "Bi-209": 0.1
    },
    "target_mass_g": 4.0,
    "irradiation_time_s": 19640.14121220667
  },
  "results": {
    "total_reactions": 24510896232,
    "gold_atoms_produced": 108296,
    "energy_deposited_mev": 2757475826193.8154
  },
  "simulation_info": {
    "name": "sweep_628",
    "timestamp": 1750391563.48763,
    "duration_s": 5.841255187988281e-05
  }
}