{
  "parameters": {
    "beam_energy_mev": 13.0,
    "beam_current_ua": 10.0,
    "target_composition": {
      "Pb-208": 0.8,
      "Bi-209": 0.15,
      "Tl-203": 0.05
    },
    "target_mass_g": 4.0,
    "irradiation_time_s": 173985.48858858307
  },
  "results": {
    "total_reactions": 217133889758,
    "gold_atoms_produced": 8948603,
    "energy_deposited_mev": 21170554251458.785
  },
  "simulation_info": {
    "name": "sweep_417",
    "timestamp": 1750391562.5939302,
    "duration_s": 6.985664367675781e-05
  }
}