{
  "parameters": {
    "beam_energy_mev": 12.0,
    "beam_current_ua": 10.0,
    "target_composition": {
      "Pb-208": 0.9,
      "Bi-209": 0.1
    },
    "target_mass_g": 4.0,
    "irradiation_time_s": 5845.596261079398
  },
  "results": {
    "total_reactions": 7295304133,
    "gold_atoms_produced": 7287,
    "energy_deposited_mev": 656577372044.4379
  },
  "simulation_info": {
    "name": "sweep_263",
    "timestamp": 1750391561.9391656,
    "duration_s": 4.076957702636719e-05
  }
}