{
  "parameters": {
    "beam_energy_mev": 15.0,
    "beam_current_ua": 10.0,
    "target_composition": {
      "Pb-208": 0.9,
      "Bi-209": 0.1
    },
    "target_mass_g": 4.0,
    "irradiation_time_s": 7448.897092013243
  },
  "results": {
    "total_reactions": 9296223570,
    "gold_atoms_produced": 15577,
    "energy_deposited_mev": 1045825151718.6592
  },
  "simulation_info": {
    "name": "sweep_624",
    "timestamp": 1750391563.4734557,
    "duration_s": 6.413459777832031e-05
  }
}