{
  "parameters": {
    "beam_energy_mev": 18.0,
    "beam_current_ua": 10.0,
    "target_composition": {
      "Pb-208": 1.0
    },
    "target_mass_g": 4.0,
    "irradiation_time_s": 25026.94066239218
  },
  "results": {
    "total_reactions": 31233621946,
    "gold_atoms_produced": 74667,
    "energy_deposited_mev": 4216538962799.8335
  },
  "simulation_info": {
    "name": "sweep_969",
    "timestamp": 1750391564.859046,
    "duration_s": 7.033348083496094e-05
  }
}