{
  "parameters": {
    "beam_energy_mev": 14.0,
    "beam_current_ua": 10.0,
    "target_composition": {
      "Pb-208": 0.8,
      "Bi-209": 0.15,
      "Tl-203": 0.05
    },
    "target_mass_g": 4.0,
    "irradiation_time_s": 15412.796635389815
  },
  "results": {
    "total_reactions": 19235170200,
    "gold_atoms_produced": 71204,
    "energy_deposited_mev": 2019692871101.481
  },
  "simulation_info": {
    "name": "sweep_527",
    "timestamp": 1750391563.0987995,
    "duration_s": 0.00011587142944335938
  }
}