{
  "parameters": {
    "beam_energy_mev": 19.0,
    "beam_current_ua": 10.0,
    "target_composition": {
      "Pb-208": 0.9,
      "Bi-209": 0.1
    },
    "target_mass_g": 4.0,
    "irradiation_time_s": 282513.589326526
  },
  "results": {
    "total_reactions": 352576959479,
    "gold_atoms_produced": 6458587,
    "energy_deposited_mev": 50242216725829.37
  },
  "simulation_info": {
    "name": "sweep_1119",
    "timestamp": 1750391565.4476097,
    "duration_s": 9.202957153320312e-05
  }
}