{
  "parameters": {
    "beam_energy_mev": 18.5,
    "beam_current_ua": 10.0,
    "target_composition": {
      "Pb-208": 1.0
    },
    "target_mass_g": 4.0,
    "irradiation_time_s": 12095.345830621614
  },
  "results": {
    "total_reactions": 15094991596,
    "gold_atoms_produced": 14995,
    "energy_deposited_mev": 2094430084030.438
  },
  "simulation_info": {
    "name": "sweep_1026",
    "timestamp": 1750391565.0678108,
    "duration_s": 6.651878356933594e-05
  }
}