{
  "parameters": {
    "beam_energy_mev": 16.5,
    "beam_current_ua": 10.0,
    "target_composition": {
      "Pb-208": 0.8,
      "Bi-209": 0.15,
      "Tl-203": 0.05
    },
    "target_mass_g": 4.0,
    "irradiation_time_s": 136536.84686636098
  },
  "results": {
    "total_reactions": 170397984889,
    "gold_atoms_produced": 3105761,
    "energy_deposited_mev": 21086750630040.785
  },
  "simulation_info": {
    "name": "sweep_836",
    "timestamp": 1750391564.2786176,
    "duration_s": 5.030632019042969e-05
  }
}