{
  "parameters": {
    "beam_energy_mev": 12.5,
    "beam_current_ua": 10.0,
    "target_composition": {
      "Pb-208": 0.8,
      "Bi-209": 0.15,
      "Tl-203": 0.05
    },
    "target_mass_g": 4.0,
    "irradiation_time_s": 7448.897092013243
  },
  "results": {
    "total_reactions": 9296223570,
    "gold_atoms_produced": 13542,
    "energy_deposited_mev": 871520959765.5493
  },
  "simulation_info": {
    "name": "sweep_344",
    "timestamp": 1750391562.2594295,
    "duration_s": 8.487701416015625e-05
  }
}