{
  "parameters": {
    "beam_energy_mev": 16.5,
    "beam_current_ua": 10.0,
    "target_composition": {
      "Pb-208": 0.8,
      "Bi-209": 0.15,
      "Tl-203": 0.05
    },
    "target_mass_g": 4.0,
    "irradiation_time_s": 173985.48858858307
  },
  "results": {
    "total_reactions": 217133889758,
    "gold_atoms_produced": 5043062,
    "energy_deposited_mev": 26870318857620.77
  },
  "simulation_info": {
    "name": "sweep_837",
    "timestamp": 1750391564.2829082,
    "duration_s": 8.416175842285156e-05
  }
}