{
  "parameters": {
    "beam_energy_mev": 13.5,
    "beam_current_ua": 10.0,
    "target_composition": {
      "Pb-208": 1.0
    },
    "target_mass_g": 4.0,
    "irradiation_time_s": 51784.19597835586
  },
  "results": {
    "total_reactions": 64626676580,
    "gold_atoms_produced": 949537,
    "energy_deposited_mev": 6543451003825.046
  },
  "simulation_info": {
    "name": "sweep_432",
    "timestamp": 1750391562.663637,
    "duration_s": 7.009506225585938e-05
  }
}