{
  "parameters": {
    "beam_energy_mev": 20.0,
    "beam_current_ua": 10.0,
    "target_composition": {
      "Pb-208": 0.8,
      "Bi-209": 0.15,
      "Tl-203": 0.05
    },
    "target_mass_g": 4.0,
    "irradiation_time_s": 51784.19597835586
  },
  "results": {
    "total_reactions": 64626676580,
    "gold_atoms_produced": 156448,
    "energy_deposited_mev": 9694001487148.217
  },
  "simulation_info": {
    "name": "sweep_1252",
    "timestamp": 1750391566.135288,
    "duration_s": 9.322166442871094e-05
  }
}