{
  "parameters": {
    "beam_energy_mev": 16.5,
    "beam_current_ua": 10.0,
    "target_composition": {
      "Pb-208": 0.9,
      "Bi-209": 0.1
    },
    "target_mass_g": 4.0,
    "irradiation_time_s": 19640.14121220667
  },
  "results": {
    "total_reactions": 24510896232,
    "gold_atoms_produced": 66154,
    "energy_deposited_mev": 3033223408813.1978
  },
  "simulation_info": {
    "name": "sweep_808",
    "timestamp": 1750391564.1720617,
    "duration_s": 7.104873657226562e-05
  }
}