{
  "parameters": {
    "beam_energy_mev": 17.5,
    "beam_current_ua": 10.0,
    "target_composition": {
      "Pb-208": 0.9,
      "Bi-209": 0.1
    },
    "target_mass_g": 4.0,
    "irradiation_time_s": 9491.94323542929
  },
  "results": {
    "total_reactions": 11845945157,
    "gold_atoms_produced": 11528,
    "energy_deposited_mev": 1554780301963.3171
  },
  "simulation_info": {
    "name": "sweep_925",
    "timestamp": 1750391564.6585147,
    "duration_s": 7.271766662597656e-05
  }
}