{
  "parameters": {
    "beam_energy_mev": 13.0,
    "beam_current_ua": 10.0,
    "target_composition": {
      "Pb-208": 0.8,
      "Bi-209": 0.15,
      "Tl-203": 0.05
    },
    "target_mass_g": 4.0,
    "irradiation_time_s": 19640.14121220667
  },
  "results": {
    "total_reactions": 24510896232,
    "gold_atoms_produced": 114029,
    "energy_deposited_mev": 2389812382701.3066
  },
  "simulation_info": {
    "name": "sweep_408",
    "timestamp": 1750391562.557915,
    "duration_s": 0.00010585784912109375
  }
}