{
  "parameters": {
    "beam_energy_mev": 11.0,
    "beam_current_ua": 10.0,
    "target_composition": {
      "Pb-208": 1.0
    },
    "target_mass_g": 4.0,
    "irradiation_time_s": 173985.48858858307
  },
  "results": {
    "total_reactions": 217133889758,
    "gold_atoms_produced": 4184525,
    "energy_deposited_mev": 17913545905080.51
  },
  "simulation_info": {
    "name": "sweep_137",
    "timestamp": 1750391561.22423,
    "duration_s": 3.0040740966796875e-05
  }
}