{
  "parameters": {
    "beam_energy_mev": 16.0,
    "beam_current_ua": 10.0,
    "target_composition": {
      "Pb-208": 1.0
    },
    "target_mass_g": 4.0,
    "irradiation_time_s": 360000.0
  },
  "results": {
    "total_reactions": 449279999999,
    "gold_atoms_produced": 27756817,
    "energy_deposited_mev": 53913599999999.99
  },
  "simulation_info": {
    "name": "sweep_740",
    "timestamp": 1750391563.9251935,
    "duration_s": 3.552436828613281e-05
  }
}