{
  "parameters": {
    "beam_energy_mev": 13.0,
    "beam_current_ua": 10.0,
    "target_composition": {
      "Pb-208": 0.9,
      "Bi-209": 0.1
    },
    "target_mass_g": 4.0,
    "irradiation_time_s": 221705.35598376938
  },
  "results": {
    "total_reactions": 276688284267,
    "gold_atoms_produced": 15433979,
    "energy_deposited_mev": 26977107716105.05
  },
  "simulation_info": {
    "name": "sweep_398",
    "timestamp": 1750391562.480142,
    "duration_s": 7.653236389160156e-05
  }
}