{
  "parameters": {
    "beam_energy_mev": 12.0,
    "beam_current_ua": 10.0,
    "target_composition": {
      "Pb-208": 0.9,
      "Bi-209": 0.1
    },
    "target_mass_g": 4.0,
    "irradiation_time_s": 15412.796635389815
  },
  "results": {
    "total_reactions": 19235170200,
    "gold_atoms_produced": 50663,
    "energy_deposited_mev": 1731165318086.984
  },
  "simulation_info": {
    "name": "sweep_267",
    "timestamp": 1750391561.9532552,
    "duration_s": 6.365776062011719e-05
  }
}