{
  "parameters": {
    "beam_energy_mev": 13.5,
    "beam_current_ua": 10.0,
    "target_composition": {
      "Pb-208": 0.9,
      "Bi-209": 0.1
    },
    "target_mass_g": 4.0,
    "irradiation_time_s": 51784.19597835586
  },
  "results": {
    "total_reactions": 64626676580,
    "gold_atoms_produced": 896682,
    "energy_deposited_mev": 6543451003825.046
  },
  "simulation_info": {
    "name": "sweep_452",
    "timestamp": 1750391562.7595305,
    "duration_s": 5.316734313964844e-05
  }
}