{
  "parameters": {
    "beam_energy_mev": 14.0,
    "beam_current_ua": 10.0,
    "target_composition": {
      "Pb-208": 1.0
    },
    "target_mass_g": 4.0,
    "irradiation_time_s": 51784.19597835586
  },
  "results": {
    "total_reactions": 64626676580,
    "gold_atoms_produced": 893733,
    "energy_deposited_mev": 6785801041003.752
  },
  "simulation_info": {
    "name": "sweep_492",
    "timestamp": 1750391562.937176,
    "duration_s": 5.269050598144531e-05
  }
}