{
  "parameters": {
    "beam_energy_mev": 16.0,
    "beam_current_ua": 10.0,
    "target_composition": {
      "Pb-208": 0.8,
      "Bi-209": 0.15,
      "Tl-203": 0.05
    },
    "target_mass_g": 4.0,
    "irradiation_time_s": 31891.20445476297
  },
  "results": {
    "total_reactions": 39800223159,
    "gold_atoms_produced": 196638,
    "energy_deposited_mev": 4776026779145.302
  },
  "simulation_info": {
    "name": "sweep_770",
    "timestamp": 1750391564.0263612,
    "duration_s": 4.5299530029296875e-05
  }
}