{
  "parameters": {
    "beam_energy_mev": 11.5,
    "beam_current_ua": 10.0,
    "target_composition": {
      "Pb-208": 1.0
    },
    "target_mass_g": 4.0,
    "irradiation_time_s": 5845.596261079398
  },
  "results": {
    "total_reactions": 7295304133,
    "gold_atoms_produced": 6052,
    "energy_deposited_mev": 629219981542.5863
  },
  "simulation_info": {
    "name": "sweep_183",
    "timestamp": 1750391561.423339,
    "duration_s": 7.796287536621094e-05
  }
}