{
  "parameters": {
    "beam_energy_mev": 12.0,
    "beam_current_ua": 10.0,
    "target_composition": {
      "Pb-208": 0.8,
      "Bi-209": 0.15,
      "Tl-203": 0.05
    },
    "target_mass_g": 4.0,
    "irradiation_time_s": 136536.84686636098
  },
  "results": {
    "total_reactions": 170397984889,
    "gold_atoms_produced": 3639316,
    "energy_deposited_mev": 15335818640029.664
  },
  "simulation_info": {
    "name": "sweep_296",
    "timestamp": 1750391562.0631135,
    "duration_s": 6.270408630371094e-05
  }
}