{
  "parameters": {
    "beam_energy_mev": 10.0,
    "beam_current_ua": 10.0,
    "target_composition": {
      "Pb-208": 0.9,
      "Bi-209": 0.1
    },
    "target_mass_g": 4.0,
    "irradiation_time_s": 107148.65189872745
  },
  "results": {
    "total_reactions": 133721517569,
    "gold_atoms_produced": 944091,
    "energy_deposited_mev": 10029113817720.889
  },
  "simulation_info": {
    "name": "sweep_035",
    "timestamp": 1750391560.871069,
    "duration_s": 7.176399230957031e-05
  }
}