{
  "parameters": {
    "beam_energy_mev": 20.0,
    "beam_current_ua": 10.0,
    "target_composition": {
      "Pb-208": 0.9,
      "Bi-209": 0.1
    },
    "target_mass_g": 4.0,
    "irradiation_time_s": 65987.30558996768
  },
  "results": {
    "total_reactions": 82352157376,
    "gold_atoms_produced": 249533,
    "energy_deposited_mev": 12352823606441.947
  },
  "simulation_info": {
    "name": "sweep_1233",
    "timestamp": 1750391566.063884,
    "duration_s": 0.0001087188720703125
  }
}