{
  "parameters": {
    "beam_energy_mev": 14.5,
    "beam_current_ua": 10.0,
    "target_composition": {
      "Pb-208": 0.9,
      "Bi-209": 0.1
    },
    "target_mass_g": 4.0,
    "irradiation_time_s": 25026.94066239218
  },
  "results": {
    "total_reactions": 31233621946,
    "gold_atoms_produced": 206512,
    "energy_deposited_mev": 3396656386699.866
  },
  "simulation_info": {
    "name": "sweep_569",
    "timestamp": 1750391563.2732892,
    "duration_s": 3.4332275390625e-05
  }
}