{
  "parameters": {
    "beam_energy_mev": 18.0,
    "beam_current_ua": 10.0,
    "target_composition": {
      "Pb-208": 0.8,
      "Bi-209": 0.15,
      "Tl-203": 0.05
    },
    "target_mass_g": 4.0,
    "irradiation_time_s": 51784.19597835586
  },
  "results": {
    "total_reactions": 64626676580,
    "gold_atoms_produced": 293579,
    "energy_deposited_mev": 8724601338433.395
  },
  "simulation_info": {
    "name": "sweep_1012",
    "timestamp": 1750391565.0119572,
    "duration_s": 6.008148193359375e-05
  }
}