{
  "parameters": {
    "beam_energy_mev": 19.0,
    "beam_current_ua": 10.0,
    "target_composition": {
      "Pb-208": 1.0
    },
    "target_mass_g": 4.0,
    "irradiation_time_s": 51784.19597835586
  },
  "results": {
    "total_reactions": 64626676580,
    "gold_atoms_produced": 234411,
    "energy_deposited_mev": 9209301412790.803
  },
  "simulation_info": {
    "name": "sweep_1092",
    "timestamp": 1750391565.3438127,
    "duration_s": 7.772445678710938e-05
  }
}