{
  "parameters": {
    "beam_energy_mev": 14.0,
    "beam_current_ua": 10.0,
    "target_composition": {
      "Pb-208": 1.0
    },
    "target_mass_g": 4.0,
    "irradiation_time_s": 221705.35598376938
  },
  "results": {
    "total_reactions": 276688284267,
    "gold_atoms_produced": 16381958,
    "energy_deposited_mev": 29052269848113.137
  },
  "simulation_info": {
    "name": "sweep_498",
    "timestamp": 1750391562.956775,
    "duration_s": 6.818771362304688e-05
  }
}