{
  "parameters": {
    "beam_energy_mev": 12.5,
    "beam_current_ua": 10.0,
    "target_composition": {
      "Pb-208": 0.9,
      "Bi-209": 0.1
    },
    "target_mass_g": 4.0,
    "irradiation_time_s": 9491.94323542929
  },
  "results": {
    "total_reactions": 11845945157,
    "gold_atoms_produced": 24020,
    "energy_deposited_mev": 1110557358545.2266
  },
  "simulation_info": {
    "name": "sweep_325",
    "timestamp": 1750391562.1930997,
    "duration_s": 5.1975250244140625e-05
  }
}