{
  "parameters": {
    "beam_energy_mev": 14.5,
    "beam_current_ua": 10.0,
    "target_composition": {
      "Pb-208": 0.8,
      "Bi-209": 0.15,
      "Tl-203": 0.05
    },
    "target_mass_g": 4.0,
    "irradiation_time_s": 136536.84686636098
  },
  "results": {
    "total_reactions": 170397984889,
    "gold_atoms_produced": 5811013,
    "energy_deposited_mev": 18530780856702.51
  },
  "simulation_info": {
    "name": "sweep_596",
    "timestamp": 1750391563.3782082,
    "duration_s": 7.557868957519531e-05
  }
}