{
  "parameters": {
    "beam_energy_mev": 16.0,
    "beam_current_ua": 10.0,
    "target_composition": {
      "Pb-208": 1.0
    },
    "target_mass_g": 4.0,
    "irradiation_time_s": 51784.19597835586
  },
  "results": {
    "total_reactions": 64626676580,
    "gold_atoms_produced": 574326,
    "energy_deposited_mev": 7755201189718.572
  },
  "simulation_info": {
    "name": "sweep_732",
    "timestamp": 1750391563.8965642,
    "duration_s": 0.00010943412780761719
  }
}