{
  "parameters": {
    "beam_energy_mev": 16.5,
    "beam_current_ua": 10.0,
    "target_composition": {
      "Pb-208": 0.9,
      "Bi-209": 0.1
    },
    "target_mass_g": 4.0,
    "irradiation_time_s": 9491.94323542929
  },
  "results": {
    "total_reactions": 11845945157,
    "gold_atoms_produced": 15451,
    "energy_deposited_mev": 1465935713279.6995
  },
  "simulation_info": {
    "name": "sweep_805",
    "timestamp": 1750391564.1593997,
    "duration_s": 0.000240325927734375
  }
}