{
  "parameters": {
    "beam_energy_mev": 15.0,
    "beam_current_ua": 10.0,
    "target_composition": {
      "Pb-208": 0.8,
      "Bi-209": 0.15,
      "Tl-203": 0.05
    },
    "target_mass_g": 4.0,
    "irradiation_time_s": 84085.97288724437
  },
  "results": {
    "total_reactions": 104939294163,
    "gold_atoms_produced": 1888927,
    "energy_deposited_mev": 11805670593369.107
  },
  "simulation_info": {
    "name": "sweep_654",
    "timestamp": 1750391563.5706685,
    "duration_s": 6.723403930664062e-05
  }
}