{
  "parameters": {
    "beam_energy_mev": 13.5,
    "beam_current_ua": 10.0,
    "target_composition": {
      "Pb-208": 0.9,
      "Bi-209": 0.1
    },
    "target_mass_g": 4.0,
    "irradiation_time_s": 84085.97288724437
  },
  "results": {
    "total_reactions": 104939294163,
    "gold_atoms_produced": 2364238,
    "energy_deposited_mev": 10625103534032.195
  },
  "simulation_info": {
    "name": "sweep_454",
    "timestamp": 1750391562.7685165,
    "duration_s": 7.700920104980469e-05
  }
}