{
  "parameters": {
    "beam_energy_mev": 14.5,
    "beam_current_ua": 10.0,
    "target_composition": {
      "Pb-208": 1.0
    },
    "target_mass_g": 4.0,
    "irradiation_time_s": 40638.164100648806
  },
  "results": {
    "total_reactions": 50716428797,
    "gold_atoms_produced": 578545,
    "energy_deposited_mev": 5515411631740.055
  },
  "simulation_info": {
    "name": "sweep_551",
    "timestamp": 1750391563.2091942,
    "duration_s": 4.7206878662109375e-05
  }
}