{
  "parameters": {
    "beam_energy_mev": 16.5,
    "beam_current_ua": 10.0,
    "target_composition": {
      "Pb-208": 0.8,
      "Bi-209": 0.15,
      "Tl-203": 0.05
    },
    "target_mass_g": 4.0,
    "irradiation_time_s": 360000.0
  },
  "results": {
    "total_reactions": 449279999999,
    "gold_atoms_produced": 21591026,
    "energy_deposited_mev": 55598399999999.99
  },
  "simulation_info": {
    "name": "sweep_840",
    "timestamp": 1750391564.2924256,
    "duration_s": 4.696846008300781e-05
  }
}