{
  "parameters": {
    "beam_energy_mev": 20.0,
    "beam_current_ua": 10.0,
    "target_composition": {
      "Pb-208": 0.8,
      "Bi-209": 0.15,
      "Tl-203": 0.05
    },
    "target_mass_g": 4.0,
    "irradiation_time_s": 31891.20445476297
  },
  "results": {
    "total_reactions": 39800223159,
    "gold_atoms_produced": 59336,
    "energy_deposited_mev": 5970033473931.627
  },
  "simulation_info": {
    "name": "sweep_1250",
    "timestamp": 1750391566.1271992,
    "duration_s": 6.365776062011719e-05
  }
}