{
  "parameters": {
    "beam_energy_mev": 17.0,
    "beam_current_ua": 10.0,
    "target_composition": {
      "Pb-208": 0.9,
      "Bi-209": 0.1
    },
    "target_mass_g": 4.0,
    "irradiation_time_s": 31891.20445476297
  },
  "results": {
    "total_reactions": 39800223159,
    "gold_atoms_produced": 150462,
    "energy_deposited_mev": 5074528452841.883
  },
  "simulation_info": {
    "name": "sweep_870",
    "timestamp": 1750391564.453385,
    "duration_s": 4.935264587402344e-05
  }
}