{
  "parameters": {
    "beam_energy_mev": 18.5,
    "beam_current_ua": 10.0,
    "target_composition": {
      "Pb-208": 0.8,
      "Bi-209": 0.15,
      "Tl-203": 0.05
    },
    "target_mass_g": 4.0,
    "irradiation_time_s": 136536.84686636098
  },
  "results": {
    "total_reactions": 170397984889,
    "gold_atoms_produced": 1764944,
    "energy_deposited_mev": 23642720403379.062
  },
  "simulation_info": {
    "name": "sweep_1076",
    "timestamp": 1750391565.269303,
    "duration_s": 5.698204040527344e-05
  }
}