{
  "parameters": {
    "beam_energy_mev": 10.0,
    "beam_current_ua": 10.0,
    "target_composition": {
      "Pb-208": 0.8,
      "Bi-209": 0.15,
      "Tl-203": 0.05
    },
    "target_mass_g": 4.0,
    "irradiation_time_s": 9491.94323542929
  },
  "results": {
    "total_reactions": 11845945157,
    "gold_atoms_produced": 6792,
    "energy_deposited_mev": 888445886836.1813
  },
  "simulation_info": {
    "name": "sweep_045",
    "timestamp": 1750391560.9105415,
    "duration_s": 7.128715515136719e-05
  }
}