{
  "parameters": {
    "beam_energy_mev": 16.0,
    "beam_current_ua": 10.0,
    "target_composition": {
      "Pb-208": 0.9,
      "Bi-209": 0.1
    },
    "target_mass_g": 4.0,
    "irradiation_time_s": 7448.897092013243
  },
  "results": {
    "total_reactions": 9296223570,
    "gold_atoms_produced": 11119,
    "energy_deposited_mev": 1115546828499.903
  },
  "simulation_info": {
    "name": "sweep_744",
    "timestamp": 1750391563.9386652,
    "duration_s": 4.7206878662109375e-05
  }
}