{
  "parameters": {
    "beam_energy_mev": 18.5,
    "beam_current_ua": 10.0,
    "target_composition": {
      "Pb-208": 0.8,
      "Bi-209": 0.15,
      "Tl-203": 0.05
    },
    "target_mass_g": 4.0,
    "irradiation_time_s": 40638.164100648806
  },
  "results": {
    "total_reactions": 50716428797,
    "gold_atoms_produced": 156350,
    "energy_deposited_mev": 7036904495668.345
  },
  "simulation_info": {
    "name": "sweep_1071",
    "timestamp": 1750391565.2518046,
    "duration_s": 6.4849853515625e-05
  }
}