{
  "parameters": {
    "beam_energy_mev": 13.5,
    "beam_current_ua": 10.0,
    "target_composition": {
      "Pb-208": 1.0
    },
    "target_mass_g": 4.0,
    "irradiation_time_s": 221705.35598376938
  },
  "results": {
    "total_reactions": 276688284267,
    "gold_atoms_produced": 17404833,
    "energy_deposited_mev": 28014688782109.09
  },
  "simulation_info": {
    "name": "sweep_438",
    "timestamp": 1750391562.696982,
    "duration_s": 9.489059448242188e-05
  }
}