{
  "parameters": {
    "beam_energy_mev": 10.5,
    "beam_current_ua": 10.0,
    "target_composition": {
      "Pb-208": 0.8,
      "Bi-209": 0.15,
      "Tl-203": 0.05
    },
    "target_mass_g": 4.0,
    "irradiation_time_s": 7448.897092013243
  },
  "results": {
    "total_reactions": 9296223570,
    "gold_atoms_produced": 5222,
    "energy_deposited_mev": 732077606203.0614
  },
  "simulation_info": {
    "name": "sweep_104",
    "timestamp": 1750391561.1106613,
    "duration_s": 3.743171691894531e-05
  }
}