{
  "parameters": {
    "beam_energy_mev": 13.5,
    "beam_current_ua": 10.0,
    "target_composition": {
      "Pb-208": 0.9,
      "Bi-209": 0.1
    },
    "target_mass_g": 4.0,
    "irradiation_time_s": 4587.389948531281
  },
  "results": {
    "total_reactions": 5725062655,
    "gold_atoms_produced": 7036,
    "energy_deposited_mev": 579662593896.4126
  },
  "simulation_info": {
    "name": "sweep_442",
    "timestamp": 1750391562.7161133,
    "duration_s": 0.0001163482666015625
  }
}