{
  "parameters": {
    "beam_energy_mev": 20.0,
    "beam_current_ua": 10.0,
    "target_composition": {
      "Pb-208": 1.0
    },
    "target_mass_g": 4.0,
    "irradiation_time_s": 7448.897092013243
  },
  "results": {
    "total_reactions": 9296223570,
    "gold_atoms_produced": 3431,
    "energy_deposited_mev": 1394433535624.8787
  },
  "simulation_info": {
    "name": "sweep_1204",
    "timestamp": 1750391565.8062215,
    "duration_s": 4.4345855712890625e-05
  }
}