{
  "parameters": {
    "beam_energy_mev": 16.5,
    "beam_current_ua": 10.0,
    "target_composition": {
      "Pb-208": 0.8,
      "Bi-209": 0.15,
      "Tl-203": 0.05
    },
    "target_mass_g": 4.0,
    "irradiation_time_s": 107148.65189872745
  },
  "results": {
    "total_reactions": 133721517569,
    "gold_atoms_produced": 1912677,
    "energy_deposited_mev": 16548037799239.465
  },
  "simulation_info": {
    "name": "sweep_835",
    "timestamp": 1750391564.2760777,
    "duration_s": 5.435943603515625e-05
  }
}