{
  "parameters": {
    "beam_energy_mev": 11.5,
    "beam_current_ua": 10.0,
    "target_composition": {
      "Pb-208": 1.0
    },
    "target_mass_g": 4.0,
    "irradiation_time_s": 40638.164100648806
  },
  "results": {
    "total_reactions": 50716428797,
    "gold_atoms_produced": 292535,
    "energy_deposited_mev": 4374291983793.836
  },
  "simulation_info": {
    "name": "sweep_191",
    "timestamp": 1750391561.454896,
    "duration_s": 4.1961669921875e-05
  }
}