{
  "parameters": {
    "beam_energy_mev": 19.0,
    "beam_current_ua": 10.0,
    "target_composition": {
      "Pb-208": 1.0
    },
    "target_mass_g": 4.0,
    "irradiation_time_s": 5845.596261079398
  },
  "results": {
    "total_reactions": 7295304133,
    "gold_atoms_produced": 2987,
    "energy_deposited_mev": 1039580839070.3596
  },
  "simulation_info": {
    "name": "sweep_1083",
    "timestamp": 1750391565.302065,
    "duration_s": 0.0001246929168701172
  }
}