{
  "parameters": {
    "beam_energy_mev": 18.0,
    "beam_current_ua": 10.0,
    "target_composition": {
      "Pb-208": 0.9,
      "Bi-209": 0.1
    },
    "target_mass_g": 4.0,
    "irradiation_time_s": 136536.84686636098
  },
  "results": {
    "total_reactions": 170397984889,
    "gold_atoms_produced": 2059872,
    "energy_deposited_mev": 23003727960044.492
  },
  "simulation_info": {
    "name": "sweep_996",
    "timestamp": 1750391564.9584472,
    "duration_s": 4.3392181396484375e-05
  }
}