{
  "parameters": {
    "beam_energy_mev": 12.5,
    "beam_current_ua": 10.0,
    "target_composition": {
      "Pb-208": 0.8,
      "Bi-209": 0.15,
      "Tl-203": 0.05
    },
    "target_mass_g": 4.0,
    "irradiation_time_s": 360000.0
  },
  "results": {
    "total_reactions": 449279999999,
    "gold_atoms_produced": 31630706,
    "energy_deposited_mev": 42119999999999.99
  },
  "simulation_info": {
    "name": "sweep_360",
    "timestamp": 1750391562.328168,
    "duration_s": 8.249282836914062e-05
  }
}