{
  "parameters": {
    "beam_energy_mev": 18.5,
    "beam_current_ua": 10.0,
    "target_composition": {
      "Pb-208": 1.0
    },
    "target_mass_g": 4.0,
    "irradiation_time_s": 221705.35598376938
  },
  "results": {
    "total_reactions": 276688284267,
    "gold_atoms_produced": 5038330,
    "energy_deposited_mev": 38390499442149.5
  },
  "simulation_info": {
    "name": "sweep_1038",
    "timestamp": 1750391565.1180637,
    "duration_s": 8.463859558105469e-05
  }
}