{
  "parameters": {
    "beam_energy_mev": 15.5,
    "beam_current_ua": 10.0,
    "target_composition": {
      "Pb-208": 1.0
    },
    "target_mass_g": 4.0,
    "irradiation_time_s": 5845.596261079398
  },
  "results": {
    "total_reactions": 7295304133,
    "gold_atoms_produced": 8611,
    "energy_deposited_mev": 848079105557.3989
  },
  "simulation_info": {
    "name": "sweep_663",
    "timestamp": 1750391563.6189487,
    "duration_s": 7.2479248046875e-05
  }
}