{
  "parameters": {
    "beam_energy_mev": 20.0,
    "beam_current_ua": 10.0,
    "target_composition": {
      "Pb-208": 0.8,
      "Bi-209": 0.15,
      "Tl-203": 0.05
    },
    "target_mass_g": 4.0,
    "irradiation_time_s": 221705.35598376938
  },
  "results": {
    "total_reactions": 276688284267,
    "gold_atoms_produced": 2867678,
    "energy_deposited_mev": 41503242640161.62
  },
  "simulation_info": {
    "name": "sweep_1258",
    "timestamp": 1750391566.1593542,
    "duration_s": 8.988380432128906e-05
  }
}