{
  "parameters": {
    "beam_energy_mev": 10.0,
    "beam_current_ua": 10.0,
    "target_composition": {
      "Pb-208": 1.0
    },
    "target_mass_g": 4.0,
    "irradiation_time_s": 173985.48858858307
  },
  "results": {
    "total_reactions": 217133889758,
    "gold_atoms_produced": 2639715,
    "energy_deposited_mev": 16285041731891.371
  },
  "simulation_info": {
    "name": "sweep_017",
    "timestamp": 1750391560.7969196,
    "duration_s": 0.0001919269561767578
  }
}