{
  "parameters": {
    "beam_energy_mev": 11.5,
    "beam_current_ua": 10.0,
    "target_composition": {
      "Pb-208": 1.0
    },
    "target_mass_g": 4.0,
    "irradiation_time_s": 360000.0
  },
  "results": {
    "total_reactions": 449279999999,
    "gold_atoms_produced": 22957021,
    "energy_deposited_mev": 38750399999999.99
  },
  "simulation_info": {
    "name": "sweep_200",
    "timestamp": 1750391561.4857247,
    "duration_s": 8.225440979003906e-05
  }
}