{
  "parameters": {
    "beam_energy_mev": 15.0,
    "beam_current_ua": 10.0,
    "target_composition": {
      "Pb-208": 1.0
    },
    "target_mass_g": 4.0,
    "irradiation_time_s": 51784.19597835586
  },
  "results": {
    "total_reactions": 64626676580,
    "gold_atoms_produced": 800530,
    "energy_deposited_mev": 7270501115361.161
  },
  "simulation_info": {
    "name": "sweep_612",
    "timestamp": 1750391563.434467,
    "duration_s": 6.532669067382812e-05
  }
}