{
  "parameters": {
    "beam_energy_mev": 15.5,
    "beam_current_ua": 10.0,
    "target_composition": {
      "Pb-208": 1.0
    },
    "target_mass_g": 4.0,
    "irradiation_time_s": 51784.19597835586
  },
  "results": {
    "total_reactions": 64626676580,
    "gold_atoms_produced": 675792,
    "energy_deposited_mev": 7512851152539.867
  },
  "simulation_info": {
    "name": "sweep_672",
    "timestamp": 1750391563.6586044,
    "duration_s": 8.988380432128906e-05
  }
}