{
  "parameters": {
    "beam_energy_mev": 17.5,
    "beam_current_ua": 10.0,
    "target_composition": {
      "Pb-208": 1.0
    },
    "target_mass_g": 4.0,
    "irradiation_time_s": 51784.19597835586
  },
  "results": {
    "total_reactions": 64626676580,
    "gold_atoms_produced": 369622,
    "energy_deposited_mev": 8482251301254.688
  },
  "simulation_info": {
    "name": "sweep_912",
    "timestamp": 1750391564.601341,
    "duration_s": 7.915496826171875e-05
  }
}