{
  "parameters": {
    "beam_energy_mev": 14.5,
    "beam_current_ua": 10.0,
    "target_composition": {
      "Pb-208": 1.0
    },
    "target_mass_g": 4.0,
    "irradiation_time_s": 25026.94066239218
  },
  "results": {
    "total_reactions": 31233621946,
    "gold_atoms_produced": 219424,
    "energy_deposited_mev": 3396656386699.866
  },
  "simulation_info": {
    "name": "sweep_549",
    "timestamp": 1750391563.2018783,
    "duration_s": 8.58306884765625e-05
  }
}