{
  "parameters": {
    "beam_energy_mev": 11.5,
    "beam_current_ua": 10.0,
    "target_composition": {
      "Pb-208": 1.0
    },
    "target_mass_g": 4.0,
    "irradiation_time_s": 19640.14121220667
  },
  "results": {
    "total_reactions": 24510896232,
    "gold_atoms_produced": 68328,
    "energy_deposited_mev": 2114064800081.9255
  },
  "simulation_info": {
    "name": "sweep_188",
    "timestamp": 1750391561.441102,
    "duration_s": 4.00543212890625e-05
  }
}