{
  "parameters": {
    "beam_energy_mev": 11.0,
    "beam_current_ua": 10.0,
    "target_composition": {
      "Pb-208": 0.8,
      "Bi-209": 0.15,
      "Tl-203": 0.05
    },
    "target_mass_g": 4.0,
    "irradiation_time_s": 4587.389948531281
  },
  "results": {
    "total_reactions": 5725062655,
    "gold_atoms_produced": 2509,
    "energy_deposited_mev": 472317669100.78064
  },
  "simulation_info": {
    "name": "sweep_162",
    "timestamp": 1750391561.3069463,
    "duration_s": 6.031990051269531e-05
  }
}