{
  "parameters": {
    "beam_energy_mev": 15.0,
    "beam_current_ua": 10.0,
    "target_composition": {
      "Pb-208": 1.0
    },
    "target_mass_g": 4.0,
    "irradiation_time_s": 173985.48858858307
  },
  "results": {
    "total_reactions": 217133889758,
    "gold_atoms_produced": 9036695,
    "energy_deposited_mev": 24427562597837.062
  },
  "simulation_info": {
    "name": "sweep_617",
    "timestamp": 1750391563.4508226,
    "duration_s": 9.679794311523438e-05
  }
}