{
  "parameters": {
    "beam_energy_mev": 13.5,
    "beam_current_ua": 10.0,
    "target_composition": {
      "Pb-208": 0.8,
      "Bi-209": 0.15,
      "Tl-203": 0.05
    },
    "target_mass_g": 4.0,
    "irradiation_time_s": 4587.389948531281
  },
  "results": {
    "total_reactions": 5725062655,
    "gold_atoms_produced": 6639,
    "energy_deposited_mev": 579662593896.4126
  },
  "simulation_info": {
    "name": "sweep_462",
    "timestamp": 1750391562.8034286,
    "duration_s": 9.846687316894531e-05
  }
}