{
  "parameters": {
    "beam_energy_mev": 11.0,
    "beam_current_ua": 10.0,
    "target_composition": {
      "Pb-208": 1.0
    },
    "target_mass_g": 4.0,
    "irradiation_time_s": 221705.35598376938
  },
  "results": {
    "total_reactions": 276688284267,
    "gold_atoms_produced": 6794734,
    "energy_deposited_mev": 22826783452088.89
  },
  "simulation_info": {
    "name": "sweep_138",
    "timestamp": 1750391561.2267833,
    "duration_s": 2.956390380859375e-05
  }
}