{
  "parameters": {
    "beam_energy_mev": 20.0,
    "beam_current_ua": 10.0,
    "target_composition": {
      "Pb-208": 1.0
    },
    "target_mass_g": 4.0,
    "irradiation_time_s": 5845.596261079398
  },
  "results": {
    "total_reactions": 7295304133,
    "gold_atoms_produced": 2113,
    "energy_deposited_mev": 1094295620074.0631
  },
  "simulation_info": {
    "name": "sweep_1203",
    "timestamp": 1750391565.803173,
    "duration_s": 4.8160552978515625e-05
  }
}