{
  "parameters": {
    "beam_energy_mev": 13.5,
    "beam_current_ua": 10.0,
    "target_composition": {
      "Pb-208": 1.0
    },
    "target_mass_g": 4.0,
    "irradiation_time_s": 360000.0
  },
  "results": {
    "total_reactions": 449279999999,
    "gold_atoms_produced": 45890470,
    "energy_deposited_mev": 45489599999999.99
  },
  "simulation_info": {
    "name": "sweep_440",
    "timestamp": 1750391562.7067826,
    "duration_s": 5.3882598876953125e-05
  }
}