{
  "parameters": {
    "beam_energy_mev": 19.0,
    "beam_current_ua": 10.0,
    "target_composition": {
      "Pb-208": 1.0
    },
    "target_mass_g": 4.0,
    "irradiation_time_s": 360000.0
  },
  "results": {
    "total_reactions": 449279999999,
    "gold_atoms_produced": 11328931,
    "energy_deposited_mev": 64022399999999.984
  },
  "simulation_info": {
    "name": "sweep_1100",
    "timestamp": 1750391565.3767745,
    "duration_s": 4.3392181396484375e-05
  }
}