{
  "parameters": {
    "beam_energy_mev": 19.0,
    "beam_current_ua": 10.0,
    "target_composition": {
      "Pb-208": 0.9,
      "Bi-209": 0.1
    },
    "target_mass_g": 4.0,
    "irradiation_time_s": 5845.596261079398
  },
  "results": {
    "total_reactions": 7295304133,
    "gold_atoms_produced": 2765,
    "energy_deposited_mev": 1039580839070.3596
  },
  "simulation_info": {
    "name": "sweep_1103",
    "timestamp": 1750391565.3904119,
    "duration_s": 6.151199340820312e-05
  }
}