{
  "parameters": {
    "beam_energy_mev": 10.0,
    "beam_current_ua": 10.0,
    "target_composition": {
      "Pb-208": 0.8,
      "Bi-209": 0.15,
      "Tl-203": 0.05
    },
    "target_mass_g": 4.0,
    "irradiation_time_s": 4587.389948531281
  },
  "results": {
    "total_reactions": 5725062655,
    "gold_atoms_produced": 1586,
    "energy_deposited_mev": 429379699182.5279
  },
  "simulation_info": {
    "name": "sweep_042",
    "timestamp": 1750391560.8995323,
    "duration_s": 7.104873657226562e-05
  }
}