{
  "parameters": {
    "beam_energy_mev": 17.0,
    "beam_current_ua": 10.0,
    "target_composition": {
      "Pb-208": 0.8,
      "Bi-209": 0.15,
      "Tl-203": 0.05
    },
    "target_mass_g": 4.0,
    "irradiation_time_s": 221705.35598376938
  },
  "results": {
    "total_reactions": 276688284267,
    "gold_atoms_produced": 7110901,
    "energy_deposited_mev": 35277756244137.375
  },
  "simulation_info": {
    "name": "sweep_898",
    "timestamp": 1750391564.5460968,
    "duration_s": 9.1552734375e-05
  }
}