{
  "parameters": {
    "beam_energy_mev": 15.5,
    "beam_current_ua": 10.0,
    "target_composition": {
      "Pb-208": 1.0
    },
    "target_mass_g": 4.0,
    "irradiation_time_s": 19640.14121220667
  },
  "results": {
    "total_reactions": 24510896232,
    "gold_atoms_produced": 97209,
    "energy_deposited_mev": 2849391687066.9434
  },
  "simulation_info": {
    "name": "sweep_668",
    "timestamp": 1750391563.6399243,
    "duration_s": 7.152557373046875e-05
  }
}