{
  "parameters": {
    "beam_energy_mev": 16.0,
    "beam_current_ua": 10.0,
    "target_composition": {
      "Pb-208": 0.9,
      "Bi-209": 0.1
    },
    "target_mass_g": 4.0,
    "irradiation_time_s": 31891.20445476297
  },
  "results": {
    "total_reactions": 39800223159,
    "gold_atoms_produced": 203814,
    "energy_deposited_mev": 4776026779145.302
  },
  "simulation_info": {
    "name": "sweep_750",
    "timestamp": 1750391563.9589906,
    "duration_s": 3.981590270996094e-05
  }
}