{
  "parameters": {
    "beam_energy_mev": 19.0,
    "beam_current_ua": 10.0,
    "target_composition": {
      "Pb-208": 1.0
    },
    "target_mass_g": 4.0,
    "irradiation_time_s": 107148.65189872745
  },
  "results": {
    "total_reactions": 133721517569,
    "gold_atoms_produced": 1003592,
    "energy_deposited_mev": 19055316253669.684
  },
  "simulation_info": {
    "name": "sweep_1095",
    "timestamp": 1750391565.3578472,
    "duration_s": 9.131431579589844e-05
  }
}