{
  "parameters": {
    "beam_energy_mev": 11.0,
    "beam_current_ua": 10.0,
    "target_composition": {
      "Pb-208": 1.0
    },
    "target_mass_g": 4.0,
    "irradiation_time_s": 282513.589326526
  },
  "results": {
    "total_reactions": 352576959479,
    "gold_atoms_produced": 11033132,
    "energy_deposited_mev": 29087599157059.11
  },
  "simulation_info": {
    "name": "sweep_139",
    "timestamp": 1750391561.229595,
    "duration_s": 4.7206878662109375e-05
  }
}