{
  "parameters": {
    "beam_energy_mev": 12.5,
    "beam_current_ua": 10.0,
    "target_composition": {
      "Pb-208": 0.8,
      "Bi-209": 0.15,
      "Tl-203": 0.05
    },
    "target_mass_g": 4.0,
    "irradiation_time_s": 31891.20445476297
  },
  "results": {
    "total_reactions": 39800223159,
    "gold_atoms_produced": 248225,
    "energy_deposited_mev": 3731270921207.267
  },
  "simulation_info": {
    "name": "sweep_350",
    "timestamp": 1750391562.286329,
    "duration_s": 6.914138793945312e-05
  }
}