{
  "parameters": {
    "beam_energy_mev": 13.5,
    "beam_current_ua": 10.0,
    "target_composition": {
      "Pb-208": 1.0
    },
    "target_mass_g": 4.0,
    "irradiation_time_s": 84085.97288724437
  },
  "results": {
    "total_reactions": 104939294163,
    "gold_atoms_produced": 2503598,
    "energy_deposited_mev": 10625103534032.195
  },
  "simulation_info": {
    "name": "sweep_434",
    "timestamp": 1750391562.677581,
    "duration_s": 8.392333984375e-05
  }
}