{
  "parameters": {
    "beam_energy_mev": 11.0,
    "beam_current_ua": 10.0,
    "target_composition": {
      "Pb-208": 0.9,
      "Bi-209": 0.1
    },
    "target_mass_g": 4.0,
    "irradiation_time_s": 65987.30558996768
  },
  "results": {
    "total_reactions": 82352157376,
    "gold_atoms_produced": 566850,
    "energy_deposited_mev": 6794052983543.071
  },
  "simulation_info": {
    "name": "sweep_153",
    "timestamp": 1750391561.275061,
    "duration_s": 4.482269287109375e-05
  }
}