{
  "parameters": {
    "beam_energy_mev": 14.5,
    "beam_current_ua": 10.0,
    "target_composition": {
      "Pb-208": 0.8,
      "Bi-209": 0.15,
      "Tl-203": 0.05
    },
    "target_mass_g": 4.0,
    "irradiation_time_s": 282513.589326526
  },
  "results": {
    "total_reactions": 352576959479,
    "gold_atoms_produced": 24878881,
    "energy_deposited_mev": 38342744343396.1
  },
  "simulation_info": {
    "name": "sweep_599",
    "timestamp": 1750391563.3913481,
    "duration_s": 6.103515625e-05
  }
}