{
  "parameters": {
    "beam_energy_mev": 14.0,
    "beam_current_ua": 10.0,
    "target_composition": {
      "Pb-208": 0.8,
      "Bi-209": 0.15,
      "Tl-203": 0.05
    },
    "target_mass_g": 4.0,
    "irradiation_time_s": 51784.19597835586
  },
  "results": {
    "total_reactions": 64626676580,
    "gold_atoms_produced": 803786,
    "energy_deposited_mev": 6785801041003.752
  },
  "simulation_info": {
    "name": "sweep_532",
    "timestamp": 1750391563.120901,
    "duration_s": 6.556510925292969e-05
  }
}