{
  "parameters": {
    "beam_energy_mev": 16.5,
    "beam_current_ua": 10.0,
    "target_composition": {
      "Pb-208": 1.0
    },
    "target_mass_g": 4.0,
    "irradiation_time_s": 84085.97288724437
  },
  "results": {
    "total_reactions": 104939294163,
    "gold_atoms_produced": 1299880,
    "energy_deposited_mev": 12986237652706.02
  },
  "simulation_info": {
    "name": "sweep_794",
    "timestamp": 1750391564.1179636,
    "duration_s": 7.772445678710938e-05
  }
}