{
  "parameters": {
    "beam_energy_mev": 16.5,
    "beam_current_ua": 10.0,
    "target_composition": {
      "Pb-208": 0.9,
      "Bi-209": 0.1
    },
    "target_mass_g": 4.0,
    "irradiation_time_s": 12095.345830621614
  },
  "results": {
    "total_reactions": 15094991596,
    "gold_atoms_produced": 25090,
    "energy_deposited_mev": 1868005210081.202
  },
  "simulation_info": {
    "name": "sweep_806",
    "timestamp": 1750391564.1640074,
    "duration_s": 0.00011491775512695312
  }
}