{
  "parameters": {
    "beam_energy_mev": 15.0,
    "beam_current_ua": 10.0,
    "target_composition": {
      "Pb-208": 0.9,
      "Bi-209": 0.1
    },
    "target_mass_g": 4.0,
    "irradiation_time_s": 12095.345830621614
  },
  "results": {
    "total_reactions": 15094991596,
    "gold_atoms_produced": 41073,
    "energy_deposited_mev": 1698186554619.2744
  },
  "simulation_info": {
    "name": "sweep_626",
    "timestamp": 1750391563.4798822,
    "duration_s": 8.344650268554688e-05
  }
}