{
  "parameters": {
    "beam_energy_mev": 13.5,
    "beam_current_ua": 10.0,
    "target_composition": {
      "Pb-208": 0.8,
      "Bi-209": 0.15,
      "Tl-203": 0.05
    },
    "target_mass_g": 4.0,
    "irradiation_time_s": 15412.796635389815
  },
  "results": {
    "total_reactions": 19235170200,
    "gold_atoms_produced": 74947,
    "energy_deposited_mev": 1947560982847.8567
  },
  "simulation_info": {
    "name": "sweep_467",
    "timestamp": 1750391562.8244307,
    "duration_s": 6.389617919921875e-05
  }
}