{
  "parameters": {
    "beam_energy_mev": 19.5,
    "beam_current_ua": 10.0,
    "target_composition": {
      "Pb-208": 1.0
    },
    "target_mass_g": 4.0,
    "irradiation_time_s": 15412.796635389815
  },
  "results": {
    "total_reactions": 19235170200,
    "gold_atoms_produced": 17545,
    "energy_deposited_mev": 2813143641891.3486
  },
  "simulation_info": {
    "name": "sweep_1147",
    "timestamp": 1750391565.551568,
    "duration_s": 4.601478576660156e-05
  }
}