{
  "parameters": {
    "beam_energy_mev": 17.5,
    "beam_current_ua": 10.0,
    "target_composition": {
      "Pb-208": 1.0
    },
    "target_mass_g": 4.0,
    "irradiation_time_s": 9491.94323542929
  },
  "results": {
    "total_reactions": 11845945157,
    "gold_atoms_produced": 12418,
    "energy_deposited_mev": 1554780301963.3171
  },
  "simulation_info": {
    "name": "sweep_905",
    "timestamp": 1750391564.5719821,
    "duration_s": 6.580352783203125e-05
  }
}