{
  "parameters": {
    "beam_energy_mev": 12.0,
    "beam_current_ua": 10.0,
    "target_composition": {
      "Pb-208": 1.0
    },
    "target_mass_g": 4.0,
    "irradiation_time_s": 4587.389948531281
  },
  "results": {
    "total_reactions": 5725062655,
    "gold_atoms_produced": 4770,
    "energy_deposited_mev": 515255639019.03345
  },
  "simulation_info": {
    "name": "sweep_242",
    "timestamp": 1750391561.8516555,
    "duration_s": 6.580352783203125e-05
  }
}