{
  "parameters": {
    "beam_energy_mev": 14.5,
    "beam_current_ua": 10.0,
    "target_composition": {
      "Pb-208": 0.9,
      "Bi-209": 0.1
    },
    "target_mass_g": 4.0,
    "irradiation_time_s": 65987.30558996768
  },
  "results": {
    "total_reactions": 82352157376,
    "gold_atoms_produced": 1435659,
    "energy_deposited_mev": 8955797114670.412
  },
  "simulation_info": {
    "name": "sweep_573",
    "timestamp": 1750391563.2879221,
    "duration_s": 5.364418029785156e-05
  }
}