{
  "parameters": {
    "beam_energy_mev": 10.0,
    "beam_current_ua": 10.0,
    "target_composition": {
      "Pb-208": 1.0
    },
    "target_mass_g": 4.0,
    "irradiation_time_s": 31891.20445476297
  },
  "results": {
    "total_reactions": 39800223159,
    "gold_atoms_produced": 88689,
    "energy_deposited_mev": 2985016736965.8135
  },
  "simulation_info": {
    "name": "sweep_010",
    "timestamp": 1750391560.7676492,
    "duration_s": 0.0001888275146484375
  }
}