{
  "parameters": {
    "beam_energy_mev": 14.0,
    "beam_current_ua": 10.0,
    "target_composition": {
      "Pb-208": 0.9,
      "Bi-209": 0.1
    },
    "target_mass_g": 4.0,
    "irradiation_time_s": 12095.345830621614
  },
  "results": {
    "total_reactions": 15094991596,
    "gold_atoms_produced": 46205,
    "energy_deposited_mev": 1584974117644.656
  },
  "simulation_info": {
    "name": "sweep_506",
    "timestamp": 1750391562.9848852,
    "duration_s": 5.698204040527344e-05
  }
}