{
  "parameters": {
    "beam_energy_mev": 18.5,
    "beam_current_ua": 10.0,
    "target_composition": {
      "Pb-208": 0.9,
      "Bi-209": 0.1
    },
    "target_mass_g": 4.0,
    "irradiation_time_s": 3600.0
  },
  "results": {
    "total_reactions": 4492799999,
    "gold_atoms_produced": 1230,
    "energy_deposited_mev": 623375999999.9999
  },
  "simulation_info": {
    "name": "sweep_1041",
    "timestamp": 1750391565.1319582,
    "duration_s": 0.00010919570922851562
  }
}