{
  "parameters": {
    "beam_energy_mev": 13.5,
    "beam_current_ua": 10.0,
    "target_composition": {
      "Pb-208": 0.8,
      "Bi-209": 0.15,
      "Tl-203": 0.05
    },
    "target_mass_g": 4.0,
    "irradiation_time_s": 84085.97288724437
  },
  "results": {
    "total_reactions": 104939294163,
    "gold_atoms_produced": 2230690,
    "energy_deposited_mev": 10625103534032.195
  },
  "simulation_info": {
    "name": "sweep_474",
    "timestamp": 1750391562.8575356,
    "duration_s": 8.869171142578125e-05
  }
}