{
  "parameters": {
    "beam_energy_mev": 20.0,
    "beam_current_ua": 10.0,
    "target_composition": {
      "Pb-208": 0.9,
      "Bi-209": 0.1
    },
    "target_mass_g": 4.0,
    "irradiation_time_s": 31891.20445476297
  },
  "results": {
    "total_reactions": 39800223159,
    "gold_atoms_produced": 58284,
    "energy_deposited_mev": 5970033473931.627
  },
  "simulation_info": {
    "name": "sweep_1230",
    "timestamp": 1750391566.0486166,
    "duration_s": 0.00011563301086425781
  }
}