{
  "parameters": {
    "beam_energy_mev": 18.5,
    "beam_current_ua": 10.0,
    "target_composition": {
      "Pb-208": 0.9,
      "Bi-209": 0.1
    },
    "target_mass_g": 4.0,
    "irradiation_time_s": 12095.345830621614
  },
  "results": {
    "total_reactions": 15094991596,
    "gold_atoms_produced": 13886,
    "energy_deposited_mev": 2094430084030.438
  },
  "simulation_info": {
    "name": "sweep_1046",
    "timestamp": 1750391565.1535227,
    "duration_s": 9.489059448242188e-05
  }
}