{
  "parameters": {
    "beam_energy_mev": 14.0,
    "beam_current_ua": 10.0,
    "target_composition": {
      "Pb-208": 1.0
    },
    "target_mass_g": 4.0,
    "irradiation_time_s": 107148.65189872745
  },
  "results": {
    "total_reactions": 133721517569,
    "gold_atoms_produced": 3826369,
    "energy_deposited_mev": 14040759344809.242
  },
  "simulation_info": {
    "name": "sweep_495",
    "timestamp": 1750391562.9453533,
    "duration_s": 4.553794860839844e-05
  }
}