{
  "parameters": {
    "beam_energy_mev": 19.5,
    "beam_current_ua": 10.0,
    "target_composition": {
      "Pb-208": 0.9,
      "Bi-209": 0.1
    },
    "target_mass_g": 4.0,
    "irradiation_time_s": 221705.35598376938
  },
  "results": {
    "total_reactions": 276688284267,
    "gold_atoms_produced": 3361577,
    "energy_deposited_mev": 40465661574157.58
  },
  "simulation_info": {
    "name": "sweep_1178",
    "timestamp": 1750391565.6747534,
    "duration_s": 6.031990051269531e-05
  }
}