{
  "parameters": {
    "beam_energy_mev": 18.5,
    "beam_current_ua": 10.0,
    "target_composition": {
      "Pb-208": 1.0
    },
    "target_mass_g": 4.0,
    "irradiation_time_s": 25026.94066239218
  },
  "results": {
    "total_reactions": 31233621946,
    "gold_atoms_produced": 64202,
    "energy_deposited_mev": 4333665045099.828
  },
  "simulation_info": {
    "name": "sweep_1029",
    "timestamp": 1750391565.078514,
    "duration_s": 7.367134094238281e-05
  }
}