{
  "parameters": {
    "beam_energy_mev": 10.0,
    "beam_current_ua": 10.0,
    "target_composition": {
      "Pb-208": 0.9,
      "Bi-209": 0.1
    },
    "target_mass_g": 4.0,
    "irradiation_time_s": 31891.20445476297
  },
  "results": {
    "total_reactions": 39800223159,
    "gold_atoms_produced": 83633,
    "energy_deposited_mev": 2985016736965.8135
  },
  "simulation_info": {
    "name": "sweep_030",
    "timestamp": 1750391560.8521001,
    "duration_s": 6.318092346191406e-05
  }
}