{
  "parameters": {
    "beam_energy_mev": 10.5,
    "beam_current_ua": 10.0,
    "target_composition": {
      "Pb-208": 0.8,
      "Bi-209": 0.15,
      "Tl-203": 0.05
    },
    "target_mass_g": 4.0,
    "irradiation_time_s": 31891.20445476297
  },
  "results": {
    "total_reactions": 39800223159,
    "gold_atoms_produced": 95727,
    "energy_deposited_mev": 3134267573814.104
  },
  "simulation_info": {
    "name": "sweep_110",
    "timestamp": 1750391561.1280909,
    "duration_s": 3.5762786865234375e-05
  }
}