{
  "parameters": {
    "beam_energy_mev": 16.5,
    "beam_current_ua": 10.0,
    "target_composition": {
      "Pb-208": 0.8,
      "Bi-209": 0.15,
      "Tl-203": 0.05
    },
    "target_mass_g": 4.0,
    "irradiation_time_s": 15412.796635389815
  },
  "results": {
    "total_reactions": 19235170200,
    "gold_atoms_produced": 39575,
    "energy_deposited_mev": 2380352312369.6025
  },
  "simulation_info": {
    "name": "sweep_827",
    "timestamp": 1750391564.2476685,
    "duration_s": 9.965896606445312e-05
  }
}