{
  "parameters": {
    "beam_energy_mev": 20.0,
    "beam_current_ua": 10.0,
    "target_composition": {
      "Pb-208": 0.9,
      "Bi-209": 0.1
    },
    "target_mass_g": 4.0,
    "irradiation_time_s": 12095.345830621614
  },
  "results": {
    "total_reactions": 15094991596,
    "gold_atoms_produced": 8383,
    "energy_deposited_mev": 2264248739492.3657
  },
  "simulation_info": {
    "name": "sweep_1226",
    "timestamp": 1750391566.0219903,
    "duration_s": 9.799003601074219e-05
  }
}