{
  "parameters": {
    "beam_energy_mev": 18.0,
    "beam_current_ua": 10.0,
    "target_composition": {
      "Pb-208": 1.0
    },
    "target_mass_g": 4.0,
    "irradiation_time_s": 9491.94323542929
  },
  "results": {
    "total_reactions": 11845945157,
    "gold_atoms_produced": 10740,
    "energy_deposited_mev": 1599202596305.1262
  },
  "simulation_info": {
    "name": "sweep_965",
    "timestamp": 1750391564.842716,
    "duration_s": 7.867813110351562e-05
  }
}