{
  "parameters": {
    "beam_energy_mev": 14.5,
    "beam_current_ua": 10.0,
    "target_composition": {
      "Pb-208": 0.8,
      "Bi-209": 0.15,
      "Tl-203": 0.05
    },
    "target_mass_g": 4.0,
    "irradiation_time_s": 221705.35598376938
  },
  "results": {
    "total_reactions": 276688284267,
    "gold_atoms_produced": 15321614,
    "energy_deposited_mev": 30089850914117.176
  },
  "simulation_info": {
    "name": "sweep_598",
    "timestamp": 1750391563.3879883,
    "duration_s": 9.179115295410156e-05
  }
}