{
  "parameters": {
    "beam_energy_mev": 17.5,
    "beam_current_ua": 10.0,
    "target_composition": {
      "Pb-208": 1.0
    },
    "target_mass_g": 4.0,
    "irradiation_time_s": 360000.0
  },
  "results": {
    "total_reactions": 449279999999,
    "gold_atoms_produced": 17863580,
    "energy_deposited_mev": 58967999999999.99
  },
  "simulation_info": {
    "name": "sweep_920",
    "timestamp": 1750391564.6390407,
    "duration_s": 8.034706115722656e-05
  }
}