{
  "parameters": {
    "beam_energy_mev": 11.5,
    "beam_current_ua": 10.0,
    "target_composition": {
      "Pb-208": 0.9,
      "Bi-209": 0.1
    },
    "target_mass_g": 4.0,
    "irradiation_time_s": 282513.589326526
  },
  "results": {
    "total_reactions": 352576959479,
    "gold_atoms_produced": 13305788,
    "energy_deposited_mev": 30409762755107.25
  },
  "simulation_info": {
    "name": "sweep_219",
    "timestamp": 1750391561.736459,
    "duration_s": 9.298324584960938e-05
  }
}