{
  "parameters": {
    "beam_energy_mev": 12.0,
    "beam_current_ua": 10.0,
    "target_composition": {
      "Pb-208": 0.9,
      "Bi-209": 0.1
    },
    "target_mass_g": 4.0,
    "irradiation_time_s": 136536.84686636098
  },
  "results": {
    "total_reactions": 170397984889,
    "gold_atoms_produced": 3975836,
    "energy_deposited_mev": 15335818640029.664
  },
  "simulation_info": {
    "name": "sweep_276",
    "timestamp": 1750391561.9889371,
    "duration_s": 8.749961853027344e-05
  }
}