{
  "parameters": {
    "beam_energy_mev": 17.5,
    "beam_current_ua": 10.0,
    "target_composition": {
      "Pb-208": 0.9,
      "Bi-209": 0.1
    },
    "target_mass_g": 4.0,
    "irradiation_time_s": 25026.94066239218
  },
  "results": {
    "total_reactions": 31233621946,
    "gold_atoms_produced": 80145,
    "energy_deposited_mev": 4099412880499.838
  },
  "simulation_info": {
    "name": "sweep_929",
    "timestamp": 1750391564.6768143,
    "duration_s": 7.867813110351562e-05
  }
}