{
  "parameters": {
    "beam_energy_mev": 17.0,
    "beam_current_ua": 10.0,
    "target_composition": {
      "Pb-208": 0.9,
      "Bi-209": 0.1
    },
    "target_mass_g": 4.0,
    "irradiation_time_s": 40638.164100648806
  },
  "results": {
    "total_reactions": 50716428797,
    "gold_atoms_produced": 244316,
    "energy_deposited_mev": 6466344671695.237
  },
  "simulation_info": {
    "name": "sweep_871",
    "timestamp": 1750391564.4562654,
    "duration_s": 6.246566772460938e-05
  }
}