{
  "parameters": {
    "beam_energy_mev": 10.5,
    "beam_current_ua": 10.0,
    "target_composition": {
      "Pb-208": 0.9,
      "Bi-209": 0.1
    },
    "target_mass_g": 4.0,
    "irradiation_time_s": 360000.0
  },
  "results": {
    "total_reactions": 449279999999,
    "gold_atoms_produced": 13311576,
    "energy_deposited_mev": 35380799999999.99
  },
  "simulation_info": {
    "name": "sweep_100",
    "timestamp": 1750391561.0986042,
    "duration_s": 5.793571472167969e-05
  }
}