{
  "parameters": {
    "beam_energy_mev": 10.0,
    "beam_current_ua": 10.0,
    "target_composition": {
      "Pb-208": 0.8,
      "Bi-209": 0.15,
      "Tl-203": 0.05
    },
    "target_mass_g": 4.0,
    "irradiation_time_s": 7448.897092013243
  },
  "results": {
    "total_reactions": 9296223570,
    "gold_atoms_produced": 4182,
    "energy_deposited_mev": 697216767812.4393
  },
  "simulation_info": {
    "name": "sweep_044",
    "timestamp": 1750391560.9066057,
    "duration_s": 4.982948303222656e-05
  }
}