{
  "parameters": {
    "beam_energy_mev": 16.0,
    "beam_current_ua": 10.0,
    "target_composition": {
      "Pb-208": 0.8,
      "Bi-209": 0.15,
      "Tl-203": 0.05
    },
    "target_mass_g": 4.0,
    "irradiation_time_s": 15412.796635389815
  },
  "results": {
    "total_reactions": 19235170200,
    "gold_atoms_produced": 45929,
    "energy_deposited_mev": 2308220424115.9785
  },
  "simulation_info": {
    "name": "sweep_767",
    "timestamp": 1750391564.0175586,
    "duration_s": 0.00011563301086425781
  }
}