{
  "parameters": {
    "beam_energy_mev": 15.0,
    "beam_current_ua": 10.0,
    "target_composition": {
      "Pb-208": 1.0
    },
    "target_mass_g": 4.0,
    "irradiation_time_s": 107148.65189872745
  },
  "results": {
    "total_reactions": 133721517569,
    "gold_atoms_produced": 3427338,
    "energy_deposited_mev": 15043670726581.33
  },
  "simulation_info": {
    "name": "sweep_615",
    "timestamp": 1750391563.44258,
    "duration_s": 3.910064697265625e-05
  }
}