{
  "parameters": {
    "beam_energy_mev": 16.5,
    "beam_current_ua": 10.0,
    "target_composition": {
      "Pb-208": 0.9,
      "Bi-209": 0.1
    },
    "target_mass_g": 4.0,
    "irradiation_time_s": 221705.35598376938
  },
  "results": {
    "total_reactions": 276688284267,
    "gold_atoms_produced": 8429888,
    "energy_deposited_mev": 34240175178133.34
  },
  "simulation_info": {
    "name": "sweep_818",
    "timestamp": 1750391564.2118566,
    "duration_s": 7.748603820800781e-05
  }
}