{
  "parameters": {
    "beam_energy_mev": 12.5,
    "beam_current_ua": 10.0,
    "target_composition": {
      "Pb-208": 0.8,
      "Bi-209": 0.15,
      "Tl-203": 0.05
    },
    "target_mass_g": 4.0,
    "irradiation_time_s": 19640.14121220667
  },
  "results": {
    "total_reactions": 24510896232,
    "gold_atoms_produced": 94144,
    "energy_deposited_mev": 2297896521828.18
  },
  "simulation_info": {
    "name": "sweep_348",
    "timestamp": 1750391562.2774065,
    "duration_s": 5.7697296142578125e-05
  }
}