{
  "parameters": {
    "beam_energy_mev": 10.5,
    "beam_current_ua": 10.0,
    "target_composition": {
      "Pb-208": 0.9,
      "Bi-209": 0.1
    },
    "target_mass_g": 4.0,
    "irradiation_time_s": 221705.35598376938
  },
  "results": {
    "total_reactions": 276688284267,
    "gold_atoms_produced": 5048668,
    "energy_deposited_mev": 21789202386084.848
  },
  "simulation_info": {
    "name": "sweep_098",
    "timestamp": 1750391561.0927444,
    "duration_s": 4.029273986816406e-05
  }
}