{
  "parameters": {
    "beam_energy_mev": 17.0,
    "beam_current_ua": 10.0,
    "target_composition": {
      "Pb-208": 1.0
    },
    "target_mass_g": 4.0,
    "irradiation_time_s": 5845.596261079398
  },
  "results": {
    "total_reactions": 7295304133,
    "gold_atoms_produced": 5433,
    "energy_deposited_mev": 930151277062.9536
  },
  "simulation_info": {
    "name": "sweep_843",
    "timestamp": 1750391564.3186276,
    "duration_s": 8.511543273925781e-05
  }
}