{
  "parameters": {
    "beam_energy_mev": 12.5,
    "beam_current_ua": 10.0,
    "target_composition": {
      "Pb-208": 0.9,
      "Bi-209": 0.1
    },
    "target_mass_g": 4.0,
    "irradiation_time_s": 282513.589326526
  },
  "results": {
    "total_reactions": 352576959479,
    "gold_atoms_produced": 21278998,
    "energy_deposited_mev": 33054089951203.535
  },
  "simulation_info": {
    "name": "sweep_339",
    "timestamp": 1750391562.2406693,
    "duration_s": 3.886222839355469e-05
  }
}