{
  "parameters": {
    "beam_energy_mev": 12.0,
    "beam_current_ua": 10.0,
    "target_composition": {
      "Pb-208": 1.0
    },
    "target_mass_g": 4.0,
    "irradiation_time_s": 107148.65189872745
  },
  "results": {
    "total_reactions": 133721517569,
    "gold_atoms_produced": 2602729,
    "energy_deposited_mev": 12034936581265.064
  },
  "simulation_info": {
    "name": "sweep_255",
    "timestamp": 1750391561.9085052,
    "duration_s": 6.103515625e-05
  }
}