{
  "parameters": {
    "beam_energy_mev": 14.0,
    "beam_current_ua": 10.0,
    "target_composition": {
      "Pb-208": 0.9,
      "Bi-209": 0.1
    },
    "target_mass_g": 4.0,
    "irradiation_time_s": 25026.94066239218
  },
  "results": {
    "total_reactions": 31233621946,
    "gold_atoms_produced": 197818,
    "energy_deposited_mev": 3279530304399.8706
  },
  "simulation_info": {
    "name": "sweep_509",
    "timestamp": 1750391562.9944522,
    "duration_s": 7.724761962890625e-05
  }
}