{
  "parameters": {
    "beam_energy_mev": 13.0,
    "beam_current_ua": 10.0,
    "target_composition": {
      "Pb-208": 0.9,
      "Bi-209": 0.1
    },
    "target_mass_g": 4.0,
    "irradiation_time_s": 65987.30558996768
  },
  "results": {
    "total_reactions": 82352157376,
    "gold_atoms_produced": 1367244,
    "energy_deposited_mev": 8029335344187.266
  },
  "simulation_info": {
    "name": "sweep_393",
    "timestamp": 1750391562.4637125,
    "duration_s": 0.00042629241943359375
  }
}