{
  "parameters": {
    "beam_energy_mev": 12.0,
    "beam_current_ua": 10.0,
    "target_composition": {
      "Pb-208": 1.0
    },
    "target_mass_g": 4.0,
    "irradiation_time_s": 282513.589326526
  },
  "results": {
    "total_reactions": 352576959479,
    "gold_atoms_produced": 18093985,
    "energy_deposited_mev": 31731926353155.39
  },
  "simulation_info": {
    "name": "sweep_259",
    "timestamp": 1750391561.92361,
    "duration_s": 6.0558319091796875e-05
  }
}