{
  "parameters": {
    "beam_energy_mev": 10.0,
    "beam_current_ua": 10.0,
    "target_composition": {
      "Pb-208": 0.9,
      "Bi-209": 0.1
    },
    "target_mass_g": 4.0,
    "irradiation_time_s": 221705.35598376938
  },
  "results": {
    "total_reactions": 276688284267,
    "gold_atoms_produced": 4041968,
    "energy_deposited_mev": 20751621320080.81
  },
  "simulation_info": {
    "name": "sweep_038",
    "timestamp": 1750391560.8829453,
    "duration_s": 9.679794311523438e-05
  }
}