{
  "parameters": {
    "beam_energy_mev": 13.5,
    "beam_current_ua": 10.0,
    "target_composition": {
      "Pb-208": 1.0
    },
    "target_mass_g": 4.0,
    "irradiation_time_s": 25026.94066239218
  },
  "results": {
    "total_reactions": 31233621946,
    "gold_atoms_produced": 221785,
    "energy_deposited_mev": 3162404222099.875
  },
  "simulation_info": {
    "name": "sweep_429",
    "timestamp": 1750391562.6526818,
    "duration_s": 7.05718994140625e-05
  }
}