{
  "parameters": {
    "beam_energy_mev": 12.0,
    "beam_current_ua": 10.0,
    "target_composition": {
      "Pb-208": 0.9,
      "Bi-209": 0.1
    },
    "target_mass_g": 4.0,
    "irradiation_time_s": 7448.897092013243
  },
  "results": {
    "total_reactions": 9296223570,
    "gold_atoms_produced": 11833,
    "energy_deposited_mev": 836660121374.9274
  },
  "simulation_info": {
    "name": "sweep_264",
    "timestamp": 1750391561.9422326,
    "duration_s": 4.935264587402344e-05
  }
}