{
  "parameters": {
    "beam_energy_mev": 15.5,
    "beam_current_ua": 10.0,
    "target_composition": {
      "Pb-208": 1.0
    },
    "target_mass_g": 4.0,
    "irradiation_time_s": 15412.796635389815
  },
  "results": {
    "total_reactions": 19235170200,
    "gold_atoms_produced": 59866,
    "energy_deposited_mev": 2236088535862.354
  },
  "simulation_info": {
    "name": "sweep_667",
    "timestamp": 1750391563.6356266,
    "duration_s": 9.465217590332031e-05
  }
}