{
  "parameters": {
    "beam_energy_mev": 10.5,
    "beam_current_ua": 10.0,
    "target_composition": {
      "Pb-208": 1.0
    },
    "target_mass_g": 4.0,
    "irradiation_time_s": 40638.164100648806
  },
  "results": {
    "total_reactions": 50716428797,
    "gold_atoms_produced": 179998,
    "energy_deposited_mev": 3993918767811.7646
  },
  "simulation_info": {
    "name": "sweep_071",
    "timestamp": 1750391561.0064719,
    "duration_s": 3.695487976074219e-05
  }
}