{
  "parameters": {
    "beam_energy_mev": 12.0,
    "beam_current_ua": 10.0,
    "target_composition": {
      "Pb-208": 0.9,
      "Bi-209": 0.1
    },
    "target_mass_g": 4.0,
    "irradiation_time_s": 9491.94323542929
  },
  "results": {
    "total_reactions": 11845945157,
    "gold_atoms_produced": 19214,
    "energy_deposited_mev": 1066135064203.4176
  },
  "simulation_info": {
    "name": "sweep_265",
    "timestamp": 1750391561.9450586,
    "duration_s": 4.7206878662109375e-05
  }
}