{
  "parameters": {
    "beam_energy_mev": 13.0,
    "beam_current_ua": 10.0,
    "target_composition": {
      "Pb-208": 1.0
    },
    "target_mass_g": 4.0,
    "irradiation_time_s": 107148.65189872745
  },
  "results": {
    "total_reactions": 133721517569,
    "gold_atoms_produced": 3827004,
    "energy_deposited_mev": 13037847963037.152
  },
  "simulation_info": {
    "name": "sweep_375",
    "timestamp": 1750391562.402289,
    "duration_s": 5.602836608886719e-05
  }
}