{
  "parameters": {
    "beam_energy_mev": 12.5,
    "beam_current_ua": 10.0,
    "target_composition": {
      "Pb-208": 1.0
    },
    "target_mass_g": 4.0,
    "irradiation_time_s": 7448.897092013243
  },
  "results": {
    "total_reactions": 9296223570,
    "gold_atoms_produced": 15722,
    "energy_deposited_mev": 871520959765.5493
  },
  "simulation_info": {
    "name": "sweep_304",
    "timestamp": 1750391562.108304,
    "duration_s": 5.316734313964844e-05
  }
}