{
  "parameters": {
    "beam_energy_mev": 13.5,
    "beam_current_ua": 10.0,
    "target_composition": {
      "Pb-208": 0.8,
      "Bi-209": 0.15,
      "Tl-203": 0.05
    },
    "target_mass_g": 4.0,
    "irradiation_time_s": 5845.596261079398
  },
  "results": {
    "total_reactions": 7295304133,
    "gold_atoms_produced": 10780,
    "energy_deposited_mev": 738649543549.9926
  },
  "simulation_info": {
    "name": "sweep_463",
    "timestamp": 1750391562.8074067,
    "duration_s": 6.079673767089844e-05
  }
}