{
  "parameters": {
    "beam_energy_mev": 14.5,
    "beam_current_ua": 10.0,
    "target_composition": {
      "Pb-208": 1.0
    },
    "target_mass_g": 4.0,
    "irradiation_time_s": 107148.65189872745
  },
  "results": {
    "total_reactions": 133721517569,
    "gold_atoms_produced": 4022008,
    "energy_deposited_mev": 14542215035695.287
  },
  "simulation_info": {
    "name": "sweep_555",
    "timestamp": 1750391563.225184,
    "duration_s": 4.982948303222656e-05
  }
}