{
  "parameters": {
    "beam_energy_mev": 10.0,
    "beam_current_ua": 10.0,
    "target_composition": {
      "Pb-208": 0.8,
      "Bi-209": 0.15,
      "Tl-203": 0.05
    },
    "target_mass_g": 4.0,
    "irradiation_time_s": 84085.97288724437
  },
  "results": {
    "total_reactions": 104939294163,
    "gold_atoms_produced": 533015,
    "energy_deposited_mev": 7870447062246.071
  },
  "simulation_info": {
    "name": "sweep_054",
    "timestamp": 1750391560.9465857,
    "duration_s": 7.295608520507812e-05
  }
}