{
  "parameters": {
    "beam_energy_mev": 16.5,
    "beam_current_ua": 10.0,
    "target_composition": {
      "Pb-208": 1.0
    },
    "target_mass_g": 4.0,
    "irradiation_time_s": 107148.65189872745
  },
  "results": {
    "total_reactions": 133721517569,
    "gold_atoms_produced": 2110715,
    "energy_deposited_mev": 16548037799239.465
  },
  "simulation_info": {
    "name": "sweep_795",
    "timestamp": 1750391564.1211226,
    "duration_s": 4.863739013671875e-05
  }
}