{
  "parameters": {
    "beam_energy_mev": 17.0,
    "beam_current_ua": 10.0,
    "target_composition": {
      "Pb-208": 1.0
    },
    "target_mass_g": 4.0,
    "irradiation_time_s": 19640.14121220667
  },
  "results": {
    "total_reactions": 24510896232,
    "gold_atoms_produced": 61338,
    "energy_deposited_mev": 3125139269686.3247
  },
  "simulation_info": {
    "name": "sweep_848",
    "timestamp": 1750391564.3399858,
    "duration_s": 7.2479248046875e-05
  }
}