{
  "parameters": {
    "beam_energy_mev": 15.5,
    "beam_current_ua": 10.0,
    "target_composition": {
      "Pb-208": 0.8,
      "Bi-209": 0.15,
      "Tl-203": 0.05
    },
    "target_mass_g": 4.0,
    "irradiation_time_s": 25026.94066239218
  },
  "results": {
    "total_reactions": 31233621946,
    "gold_atoms_produced": 141924,
    "energy_deposited_mev": 3630908551299.8564
  },
  "simulation_info": {
    "name": "sweep_709",
    "timestamp": 1750391563.8030543,
    "duration_s": 0.00010204315185546875
  }
}