{
  "parameters": {
    "beam_energy_mev": 17.5,
    "beam_current_ua": 10.0,
    "target_composition": {
      "Pb-208": 0.9,
      "Bi-209": 0.1
    },
    "target_mass_g": 4.0,
    "irradiation_time_s": 136536.84686636098
  },
  "results": {
    "total_reactions": 170397984889,
    "gold_atoms_produced": 2385425,
    "energy_deposited_mev": 22364735516709.92
  },
  "simulation_info": {
    "name": "sweep_936",
    "timestamp": 1750391564.7101128,
    "duration_s": 7.82012939453125e-05
  }
}