{
  "parameters": {
    "beam_energy_mev": 14.0,
    "beam_current_ua": 10.0,
    "target_composition": {
      "Pb-208": 1.0
    },
    "target_mass_g": 4.0,
    "irradiation_time_s": 15412.796635389815
  },
  "results": {
    "total_reactions": 19235170200,
    "gold_atoms_produced": 79172,
    "energy_deposited_mev": 2019692871101.481
  },
  "simulation_info": {
    "name": "sweep_487",
    "timestamp": 1750391562.917755,
    "duration_s": 7.295608520507812e-05
  }
}