{
  "parameters": {
    "beam_energy_mev": 18.0,
    "beam_current_ua": 10.0,
    "target_composition": {
      "Pb-208": 1.0
    },
    "target_mass_g": 4.0,
    "irradiation_time_s": 4587.389948531281
  },
  "results": {
    "total_reactions": 5725062655,
    "gold_atoms_produced": 2508,
    "energy_deposited_mev": 772883458528.55
  },
  "simulation_info": {
    "name": "sweep_962",
    "timestamp": 1750391564.8230839,
    "duration_s": 7.534027099609375e-05
  }
}