{
  "parameters": {
    "beam_energy_mev": 17.0,
    "beam_current_ua": 10.0,
    "target_composition": {
      "Pb-208": 0.8,
      "Bi-209": 0.15,
      "Tl-203": 0.05
    },
    "target_mass_g": 4.0,
    "irradiation_time_s": 9491.94323542929
  },
  "results": {
    "total_reactions": 11845945157,
    "gold_atoms_produced": 13034,
    "energy_deposited_mev": 1510358007621.5083
  },
  "simulation_info": {
    "name": "sweep_885",
    "timestamp": 1750391564.5026658,
    "duration_s": 5.340576171875e-05
  }
}