{
  "parameters": {
    "beam_energy_mev": 18.5,
    "beam_current_ua": 10.0,
    "target_composition": {
      "Pb-208": 0.8,
      "Bi-209": 0.15,
      "Tl-203": 0.05
    },
    "target_mass_g": 4.0,
    "irradiation_time_s": 360000.0
  },
  "results": {
    "total_reactions": 449279999999,
    "gold_atoms_produced": 12269765,
    "energy_deposited_mev": 62337599999999.99
  },
  "simulation_info": {
    "name": "sweep_1080",
    "timestamp": 1750391565.2819612,
    "duration_s": 7.963180541992188e-05
  }
}