{
  "parameters": {
    "beam_energy_mev": 19.0,
    "beam_current_ua": 10.0,
    "target_composition": {
      "Pb-208": 0.8,
      "Bi-209": 0.15,
      "Tl-203": 0.05
    },
    "target_mass_g": 4.0,
    "irradiation_time_s": 25026.94066239218
  },
  "results": {
    "total_reactions": 31233621946,
    "gold_atoms_produced": 50897,
    "energy_deposited_mev": 4450791127399.823
  },
  "simulation_info": {
    "name": "sweep_1129",
    "timestamp": 1750391565.4819942,
    "duration_s": 0.00012040138244628906
  }
}