{
  "parameters": {
    "beam_energy_mev": 19.5,
    "beam_current_ua": 10.0,
    "target_composition": {
      "Pb-208": 1.0
    },
    "target_mass_g": 4.0,
    "irradiation_time_s": 65987.30558996768
  },
  "results": {
    "total_reactions": 82352157376,
    "gold_atoms_produced": 321612,
    "energy_deposited_mev": 12044003016280.898
  },
  "simulation_info": {
    "name": "sweep_1153",
    "timestamp": 1750391565.5706496,
    "duration_s": 4.673004150390625e-05
  }
}