{
  "parameters": {
    "beam_energy_mev": 18.0,
    "beam_current_ua": 10.0,
    "target_composition": {
      "Pb-208": 0.9,
      "Bi-209": 0.1
    },
    "target_mass_g": 4.0,
    "irradiation_time_s": 19640.14121220667
  },
  "results": {
    "total_reactions": 24510896232,
    "gold_atoms_produced": 42621,
    "energy_deposited_mev": 3308970991432.579
  },
  "simulation_info": {
    "name": "sweep_988",
    "timestamp": 1750391564.9332557,
    "duration_s": 7.295608520507812e-05
  }
}