{
  "parameters": {
    "beam_energy_mev": 13.0,
    "beam_current_ua": 10.0,
    "target_composition": {
      "Pb-208": 0.8,
      "Bi-209": 0.15,
      "Tl-203": 0.05
    },
    "target_mass_g": 4.0,
    "irradiation_time_s": 136536.84686636098
  },
  "results": {
    "total_reactions": 170397984889,
    "gold_atoms_produced": 5510981,
    "energy_deposited_mev": 16613803526698.8
  },
  "simulation_info": {
    "name": "sweep_416",
    "timestamp": 1750391562.5906806,
    "duration_s": 7.462501525878906e-05
  }
}