{
  "parameters": {
    "beam_energy_mev": 16.5,
    "beam_current_ua": 10.0,
    "target_composition": {
      "Pb-208": 1.0
    },
    "target_mass_g": 4.0,
    "irradiation_time_s": 65987.30558996768
  },
  "results": {
    "total_reactions": 82352157376,
    "gold_atoms_produced": 800529,
    "energy_deposited_mev": 10191079475314.607
  },
  "simulation_info": {
    "name": "sweep_793",
    "timestamp": 1750391564.1138108,
    "duration_s": 9.989738464355469e-05
  }
}