{
  "parameters": {
    "beam_energy_mev": 14.5,
    "beam_current_ua": 10.0,
    "target_composition": {
      "Pb-208": 1.0
    },
    "target_mass_g": 4.0,
    "irradiation_time_s": 173985.48858858307
  },
  "results": {
    "total_reactions": 217133889758,
    "gold_atoms_produced": 10604632,
    "energy_deposited_mev": 23613310511242.49
  },
  "simulation_info": {
    "name": "sweep_557",
    "timestamp": 1750391563.2317102,
    "duration_s": 0.00011229515075683594
  }
}