{
  "parameters": {
    "beam_energy_mev": 12.0,
    "beam_current_ua": 10.0,
    "target_composition": {
      "Pb-208": 0.8,
      "Bi-209": 0.15,
      "Tl-203": 0.05
    },
    "target_mass_g": 4.0,
    "irradiation_time_s": 19640.14121220667
  },
  "results": {
    "total_reactions": 24510896232,
    "gold_atoms_produced": 75302,
    "energy_deposited_mev": 2205980660955.0527
  },
  "simulation_info": {
    "name": "sweep_288",
    "timestamp": 1750391562.0342531,
    "duration_s": 7.43865966796875e-05
  }
}