{
  "parameters": {
    "beam_energy_mev": 15.5,
    "beam_current_ua": 10.0,
    "target_composition": {
      "Pb-208": 1.0
    },
    "target_mass_g": 4.0,
    "irradiation_time_s": 173985.48858858307
  },
  "results": {
    "total_reactions": 217133889758,
    "gold_atoms_produced": 7628607,
    "energy_deposited_mev": 25241814684431.63
  },
  "simulation_info": {
    "name": "sweep_677",
    "timestamp": 1750391563.6782799,
    "duration_s": 7.033348083496094e-05
  }
}