{
  "parameters": {
    "beam_energy_mev": 19.5,
    "beam_current_ua": 10.0,
    "target_composition": {
      "Pb-208": 0.8,
      "Bi-209": 0.15,
      "Tl-203": 0.05
    },
    "target_mass_g": 4.0,
    "irradiation_time_s": 221705.35598376938
  },
  "results": {
    "total_reactions": 276688284267,
    "gold_atoms_produced": 3398964,
    "energy_deposited_mev": 40465661574157.58
  },
  "simulation_info": {
    "name": "sweep_1198",
    "timestamp": 1750391565.7850728,
    "duration_s": 6.985664367675781e-05
  }
}