{
  "parameters": {
    "beam_energy_mev": 13.0,
    "beam_current_ua": 10.0,
    "target_composition": {
      "Pb-208": 1.0
    },
    "target_mass_g": 4.0,
    "irradiation_time_s": 9491.94323542929
  },
  "results": {
    "total_reactions": 11845945157,
    "gold_atoms_produced": 30032,
    "energy_deposited_mev": 1154979652887.0356
  },
  "simulation_info": {
    "name": "sweep_365",
    "timestamp": 1750391562.3608758,
    "duration_s": 5.245208740234375e-05
  }
}