{
  "parameters": {
    "beam_energy_mev": 18.0,
    "beam_current_ua": 10.0,
    "target_composition": {
      "Pb-208": 1.0
    },
    "target_mass_g": 4.0,
    "irradiation_time_s": 15412.796635389815
  },
  "results": {
    "total_reactions": 19235170200,
    "gold_atoms_produced": 28318,
    "energy_deposited_mev": 2596747977130.4756
  },
  "simulation_info": {
    "name": "sweep_967",
    "timestamp": 1750391564.8522305,
    "duration_s": 5.7697296142578125e-05
  }
}