{
  "parameters": {
    "beam_energy_mev": 14.0,
    "beam_current_ua": 10.0,
    "target_composition": {
      "Pb-208": 0.9,
      "Bi-209": 0.1
    },
    "target_mass_g": 4.0,
    "irradiation_time_s": 282513.589326526
  },
  "results": {
    "total_reactions": 352576959479,
    "gold_atoms_produced": 25207576,
    "energy_deposited_mev": 37020580745347.96
  },
  "simulation_info": {
    "name": "sweep_519",
    "timestamp": 1750391563.061939,
    "duration_s": 7.867813110351562e-05
  }
}