{
  "parameters": {
    "beam_energy_mev": 18.5,
    "beam_current_ua": 10.0,
    "target_composition": {
      "Pb-208": 0.8,
      "Bi-209": 0.15,
      "Tl-203": 0.05
    },
    "target_mass_g": 4.0,
    "irradiation_time_s": 84085.97288724437
  },
  "results": {
    "total_reactions": 104939294163,
    "gold_atoms_produced": 669388,
    "energy_deposited_mev": 14560327065155.23
  },
  "simulation_info": {
    "name": "sweep_1074",
    "timestamp": 1750391565.2611623,
    "duration_s": 4.315376281738281e-05
  }
}