{
  "parameters": {
    "beam_energy_mev": 15.5,
    "beam_current_ua": 10.0,
    "target_composition": {
      "Pb-208": 0.9,
      "Bi-209": 0.1
    },
    "target_mass_g": 4.0,
    "irradiation_time_s": 9491.94323542929
  },
  "results": {
    "total_reactions": 11845945157,
    "gold_atoms_produced": 21307,
    "energy_deposited_mev": 1377091124596.081
  },
  "simulation_info": {
    "name": "sweep_685",
    "timestamp": 1750391563.7137156,
    "duration_s": 0.0001246929168701172
  }
}