{
  "parameters": {
    "beam_energy_mev": 11.5,
    "beam_current_ua": 10.0,
    "target_composition": {
      "Pb-208": 0.9,
      "Bi-209": 0.1
    },
    "target_mass_g": 4.0,
    "irradiation_time_s": 19640.14121220667
  },
  "results": {
    "total_reactions": 24510896232,
    "gold_atoms_produced": 64305,
    "energy_deposited_mev": 2114064800081.9255
  },
  "simulation_info": {
    "name": "sweep_208",
    "timestamp": 1750391561.678106,
    "duration_s": 0.00012803077697753906
  }
}