{
  "parameters": {
    "beam_energy_mev": 15.0,
    "beam_current_ua": 10.0,
    "target_composition": {
      "Pb-208": 1.0
    },
    "target_mass_g": 4.0,
    "irradiation_time_s": 84085.97288724437
  },
  "results": {
    "total_reactions": 104939294163,
    "gold_atoms_produced": 2110720,
    "energy_deposited_mev": 11805670593369.107
  },
  "simulation_info": {
    "name": "sweep_614",
    "timestamp": 1750391563.4400382,
    "duration_s": 4.601478576660156e-05
  }
}