{
  "parameters": {
    "beam_energy_mev": 13.0,
    "beam_current_ua": 10.0,
    "target_composition": {
      "Pb-208": 0.8,
      "Bi-209": 0.15,
      "Tl-203": 0.05
    },
    "target_mass_g": 4.0,
    "irradiation_time_s": 51784.19597835586
  },
  "results": {
    "total_reactions": 64626676580,
    "gold_atoms_produced": 792727,
    "energy_deposited_mev": 6301100966646.341
  },
  "simulation_info": {
    "name": "sweep_412",
    "timestamp": 1750391562.5744534,
    "duration_s": 6.937980651855469e-05
  }
}