{
  "parameters": {
    "beam_energy_mev": 16.0,
    "beam_current_ua": 10.0,
    "target_composition": {
      "Pb-208": 1.0
    },
    "target_mass_g": 4.0,
    "irradiation_time_s": 282513.589326526
  },
  "results": {
    "total_reactions": 352576959479,
    "gold_atoms_produced": 17093986,
    "energy_deposited_mev": 42309235137540.52
  },
  "simulation_info": {
    "name": "sweep_739",
    "timestamp": 1750391563.922606,
    "duration_s": 3.933906555175781e-05
  }
}