{
  "parameters": {
    "beam_energy_mev": 18.5,
    "beam_current_ua": 10.0,
    "target_composition": {
      "Pb-208": 1.0
    },
    "target_mass_g": 4.0,
    "irradiation_time_s": 31891.20445476297
  },
  "results": {
    "total_reactions": 39800223159,
    "gold_atoms_produced": 104250,
    "energy_deposited_mev": 5522280963386.755
  },
  "simulation_info": {
    "name": "sweep_1030",
    "timestamp": 1750391565.083864,
    "duration_s": 9.369850158691406e-05
  }
}