{
  "parameters": {
    "beam_energy_mev": 11.5,
    "beam_current_ua": 10.0,
    "target_composition": {
      "Pb-208": 0.9,
      "Bi-209": 0.1
    },
    "target_mass_g": 4.0,
    "irradiation_time_s": 107148.65189872745
  },
  "results": {
    "total_reactions": 133721517569,
    "gold_atoms_produced": 1913970,
    "energy_deposited_mev": 11533480890379.02
  },
  "simulation_info": {
    "name": "sweep_215",
    "timestamp": 1750391561.7170959,
    "duration_s": 0.00015282630920410156
  }
}