{
  "parameters": {
    "beam_energy_mev": 16.0,
    "beam_current_ua": 10.0,
    "target_composition": {
      "Pb-208": 0.9,
      "Bi-209": 0.1
    },
    "target_mass_g": 4.0,
    "irradiation_time_s": 40638.164100648806
  },
  "results": {
    "total_reactions": 50716428797,
    "gold_atoms_produced": 330948,
    "energy_deposited_mev": 6085971455713.165
  },
  "simulation_info": {
    "name": "sweep_751",
    "timestamp": 1750391563.9626975,
    "duration_s": 9.632110595703125e-05
  }
}