{
  "parameters": {
    "beam_energy_mev": 15.0,
    "beam_current_ua": 10.0,
    "target_composition": {
      "Pb-208": 0.9,
      "Bi-209": 0.1
    },
    "target_mass_g": 4.0,
    "irradiation_time_s": 15412.796635389815
  },
  "results": {
    "total_reactions": 19235170200,
    "gold_atoms_produced": 66694,
    "energy_deposited_mev": 2163956647608.7297
  },
  "simulation_info": {
    "name": "sweep_627",
    "timestamp": 1750391563.4842043,
    "duration_s": 6.818771362304688e-05
  }
}