{
  "parameters": {
    "beam_energy_mev": 17.0,
    "beam_current_ua": 10.0,
    "target_composition": {
      "Pb-208": 1.0
    },
    "target_mass_g": 4.0,
    "irradiation_time_s": 31891.20445476297
  },
  "results": {
    "total_reactions": 39800223159,
    "gold_atoms_produced": 161727,
    "energy_deposited_mev": 5074528452841.883
  },
  "simulation_info": {
    "name": "sweep_850",
    "timestamp": 1750391564.3478446,
    "duration_s": 0.00011420249938964844
  }
}