{
  "parameters": {
    "beam_energy_mev": 13.0,
    "beam_current_ua": 10.0,
    "target_composition": {
      "Pb-208": 1.0
    },
    "target_mass_g": 4.0,
    "irradiation_time_s": 4587.389948531281
  },
  "results": {
    "total_reactions": 5725062655,
    "gold_atoms_produced": 7014,
    "energy_deposited_mev": 558193608937.2863
  },
  "simulation_info": {
    "name": "sweep_362",
    "timestamp": 1750391562.3482063,
    "duration_s": 0.00011944770812988281
  }
}