{
  "parameters": {
    "beam_energy_mev": 16.5,
    "beam_current_ua": 10.0,
    "target_composition": {
      "Pb-208": 1.0
    },
    "target_mass_g": 4.0,
    "irradiation_time_s": 9491.94323542929
  },
  "results": {
    "total_reactions": 11845945157,
    "gold_atoms_produced": 16564,
    "energy_deposited_mev": 1465935713279.6995
  },
  "simulation_info": {
    "name": "sweep_785",
    "timestamp": 1750391564.077425,
    "duration_s": 6.29425048828125e-05
  }
}