{
  "parameters": {
    "beam_energy_mev": 16.0,
    "beam_current_ua": 10.0,
    "target_composition": {
      "Pb-208": 0.9,
      "Bi-209": 0.1
    },
    "target_mass_g": 4.0,
    "irradiation_time_s": 19640.14121220667
  },
  "results": {
    "total_reactions": 24510896232,
    "gold_atoms_produced": 77300,
    "energy_deposited_mev": 2941307547940.0703
  },
  "simulation_info": {
    "name": "sweep_748",
    "timestamp": 1750391563.9528117,
    "duration_s": 9.012222290039062e-05
  }
}