{
  "parameters": {
    "beam_energy_mev": 11.0,
    "beam_current_ua": 10.0,
    "target_composition": {
      "Pb-208": 1.0
    },
    "target_mass_g": 4.0,
    "irradiation_time_s": 136536.84686636098
  },
  "results": {
    "total_reactions": 170397984889,
    "gold_atoms_produced": 2577032,
    "energy_deposited_mev": 14057833753360.523
  },
  "simulation_info": {
    "name": "sweep_136",
    "timestamp": 1750391561.2214262,
    "duration_s": 7.176399230957031e-05
  }
}