{
  "parameters": {
    "beam_energy_mev": 11.0,
    "beam_current_ua": 10.0,
    "target_composition": {
      "Pb-208": 0.9,
      "Bi-209": 0.1
    },
    "target_mass_g": 4.0,
    "irradiation_time_s": 31891.20445476297
  },
  "results": {
    "total_reactions": 39800223159,
    "gold_atoms_produced": 132400,
    "energy_deposited_mev": 3283518410662.395
  },
  "simulation_info": {
    "name": "sweep_150",
    "timestamp": 1750391561.2656872,
    "duration_s": 4.887580871582031e-05
  }
}