{
  "parameters": {
    "beam_energy_mev": 10.5,
    "beam_current_ua": 10.0,
    "target_composition": {
      "Pb-208": 0.8,
      "Bi-209": 0.15,
      "Tl-203": 0.05
    },
    "target_mass_g": 4.0,
    "irradiation_time_s": 84085.97288724437
  },
  "results": {
    "total_reactions": 104939294163,
    "gold_atoms_produced": 665491,
    "energy_deposited_mev": 8263969415358.375
  },
  "simulation_info": {
    "name": "sweep_114",
    "timestamp": 1750391561.1413646,
    "duration_s": 4.267692565917969e-05
  }
}