{
  "parameters": {
    "beam_energy_mev": 15.0,
    "beam_current_ua": 10.0,
    "target_composition": {
      "Pb-208": 0.8,
      "Bi-209": 0.15,
      "Tl-203": 0.05
    },
    "target_mass_g": 4.0,
    "irradiation_time_s": 7448.897092013243
  },
  "results": {
    "total_reactions": 9296223570,
    "gold_atoms_produced": 14823,
    "energy_deposited_mev": 1045825151718.6592
  },
  "simulation_info": {
    "name": "sweep_644",
    "timestamp": 1750391563.539217,
    "duration_s": 5.412101745605469e-05
  }
}