{
  "parameters": {
    "beam_energy_mev": 16.5,
    "beam_current_ua": 10.0,
    "target_composition": {
      "Pb-208": 0.8,
      "Bi-209": 0.15,
      "Tl-203": 0.05
    },
    "target_mass_g": 4.0,
    "irradiation_time_s": 221705.35598376938
  },
  "results": {
    "total_reactions": 276688284267,
    "gold_atoms_produced": 8188807,
    "energy_deposited_mev": 34240175178133.34
  },
  "simulation_info": {
    "name": "sweep_838",
    "timestamp": 1750391564.2868297,
    "duration_s": 6.532669067382812e-05
  }
}