{
  "parameters": {
    "beam_energy_mev": 12.0,
    "beam_current_ua": 10.0,
    "target_composition": {
      "Pb-208": 0.9,
      "Bi-209": 0.1
    },
    "target_mass_g": 4.0,
    "irradiation_time_s": 107148.65189872745
  },
  "results": {
    "total_reactions": 133721517569,
    "gold_atoms_produced": 2448511,
    "energy_deposited_mev": 12034936581265.064
  },
  "simulation_info": {
    "name": "sweep_275",
    "timestamp": 1750391561.9839616,
    "duration_s": 0.00011014938354492188
  }
}