{
  "parameters": {
    "beam_energy_mev": 15.0,
    "beam_current_ua": 10.0,
    "target_composition": {
      "Pb-208": 0.8,
      "Bi-209": 0.15,
      "Tl-203": 0.05
    },
    "target_mass_g": 4.0,
    "irradiation_time_s": 5845.596261079398
  },
  "results": {
    "total_reactions": 7295304133,
    "gold_atoms_produced": 9129,
    "energy_deposited_mev": 820721715055.5472
  },
  "simulation_info": {
    "name": "sweep_643",
    "timestamp": 1750391563.5366566,
    "duration_s": 5.221366882324219e-05
  }
}