{
  "parameters": {
    "beam_energy_mev": 12.0,
    "beam_current_ua": 10.0,
    "target_composition": {
      "Pb-208": 1.0
    },
    "target_mass_g": 4.0,
    "irradiation_time_s": 9491.94323542929
  },
  "results": {
    "total_reactions": 11845945157,
    "gold_atoms_produced": 20425,
    "energy_deposited_mev": 1066135064203.4176
  },
  "simulation_info": {
    "name": "sweep_245",
    "timestamp": 1750391561.86236,
    "duration_s": 5.0067901611328125e-05
  }
}