{
  "parameters": {
    "beam_energy_mev": 19.0,
    "beam_current_ua": 10.0,
    "target_composition": {
      "Pb-208": 1.0
    },
    "target_mass_g": 4.0,
    "irradiation_time_s": 12095.345830621614
  },
  "results": {
    "total_reactions": 15094991596,
    "gold_atoms_produced": 12788,
    "energy_deposited_mev": 2151036302517.7473
  },
  "simulation_info": {
    "name": "sweep_1086",
    "timestamp": 1750391565.3162282,
    "duration_s": 7.534027099609375e-05
  }
}