{
  "parameters": {
    "beam_energy_mev": 19.5,
    "beam_current_ua": 10.0,
    "target_composition": {
      "Pb-208": 0.8,
      "Bi-209": 0.15,
      "Tl-203": 0.05
    },
    "target_mass_g": 4.0,
    "irradiation_time_s": 5845.596261079398
  },
  "results": {
    "total_reactions": 7295304133,
    "gold_atoms_produced": 2362,
    "energy_deposited_mev": 1066938229572.2114
  },
  "simulation_info": {
    "name": "sweep_1183",
    "timestamp": 1750391565.692886,
    "duration_s": 8.058547973632812e-05
  }
}