{
  "parameters": {
    "beam_energy_mev": 10.0,
    "beam_current_ua": 10.0,
    "target_composition": {
      "Pb-208": 1.0
    },
    "target_mass_g": 4.0,
    "irradiation_time_s": 136536.84686636098
  },
  "results": {
    "total_reactions": 170397984889,
    "gold_atoms_produced": 1625664,
    "energy_deposited_mev": 12779848866691.385
  },
  "simulation_info": {
    "name": "sweep_016",
    "timestamp": 1750391560.7934504,
    "duration_s": 3.886222839355469e-05
  }
}