{
  "parameters": {
    "beam_energy_mev": 12.5,
    "beam_current_ua": 10.0,
    "target_composition": {
      "Pb-208": 0.8,
      "Bi-209": 0.15,
      "Tl-203": 0.05
    },
    "target_mass_g": 4.0,
    "irradiation_time_s": 51784.19597835586
  },
  "results": {
    "total_reactions": 64626676580,
    "gold_atoms_produced": 654482,
    "energy_deposited_mev": 6058750929467.636
  },
  "simulation_info": {
    "name": "sweep_352",
    "timestamp": 1750391562.2920232,
    "duration_s": 4.5299530029296875e-05
  }
}