{
  "parameters": {
    "beam_energy_mev": 11.0,
    "beam_current_ua": 10.0,
    "target_composition": {
      "Pb-208": 0.8,
      "Bi-209": 0.15,
      "Tl-203": 0.05
    },
    "target_mass_g": 4.0,
    "irradiation_time_s": 19640.14121220667
  },
  "results": {
    "total_reactions": 24510896232,
    "gold_atoms_produced": 45995,
    "energy_deposited_mev": 2022148939208.798
  },
  "simulation_info": {
    "name": "sweep_168",
    "timestamp": 1750391561.341475,
    "duration_s": 0.0001811981201171875
  }
}