{
  "parameters": {
    "beam_energy_mev": 19.5,
    "beam_current_ua": 10.0,
    "target_composition": {
      "Pb-208": 1.0
    },
    "target_mass_g": 4.0,
    "irradiation_time_s": 282513.589326526
  },
  "results": {
    "total_reactions": 352576959479,
    "gold_atoms_produced": 5895089,
    "energy_deposited_mev": 51564380323877.51
  },
  "simulation_info": {
    "name": "sweep_1159",
    "timestamp": 1750391565.593404,
    "duration_s": 6.151199340820312e-05
  }
}