{
  "parameters": {
    "beam_energy_mev": 13.5,
    "beam_current_ua": 10.0,
    "target_composition": {
      "Pb-208": 0.8,
      "Bi-209": 0.15,
      "Tl-203": 0.05
    },
    "target_mass_g": 4.0,
    "irradiation_time_s": 107148.65189872745
  },
  "results": {
    "total_reactions": 133721517569,
    "gold_atoms_produced": 3622142,
    "energy_deposited_mev": 13539303653923.197
  },
  "simulation_info": {
    "name": "sweep_475",
    "timestamp": 1750391562.8610198,
    "duration_s": 5.14984130859375e-05
  }
}