{
  "parameters": {
    "beam_energy_mev": 17.5,
    "beam_current_ua": 10.0,
    "target_composition": {
      "Pb-208": 0.8,
      "Bi-209": 0.15,
      "Tl-203": 0.05
    },
    "target_mass_g": 4.0,
    "irradiation_time_s": 51784.19597835586
  },
  "results": {
    "total_reactions": 64626676580,
    "gold_atoms_produced": 337754,
    "energy_deposited_mev": 8482251301254.688
  },
  "simulation_info": {
    "name": "sweep_952",
    "timestamp": 1750391564.770321,
    "duration_s": 9.202957153320312e-05
  }
}