{
  "parameters": {
    "beam_energy_mev": 11.5,
    "beam_current_ua": 10.0,
    "target_composition": {
      "Pb-208": 1.0
    },
    "target_mass_g": 4.0,
    "irradiation_time_s": 173985.48858858307
  },
  "results": {
    "total_reactions": 217133889758,
    "gold_atoms_produced": 5362120,
    "energy_deposited_mev": 18727797991675.08
  },
  "simulation_info": {
    "name": "sweep_197",
    "timestamp": 1750391561.4748266,
    "duration_s": 4.935264587402344e-05
  }
}