{
  "parameters": {
    "beam_energy_mev": 15.0,
    "beam_current_ua": 10.0,
    "target_composition": {
      "Pb-208": 1.0
    },
    "target_mass_g": 4.0,
    "irradiation_time_s": 40638.164100648806
  },
  "results": {
    "total_reactions": 50716428797,
    "gold_atoms_produced": 493005,
    "energy_deposited_mev": 5705598239731.092
  },
  "simulation_info": {
    "name": "sweep_611",
    "timestamp": 1750391563.4299889,
    "duration_s": 8.344650268554688e-05
  }
}