{
  "parameters": {
    "beam_energy_mev": 15.0,
    "beam_current_ua": 10.0,
    "target_composition": {
      "Pb-208": 0.9,
      "Bi-209": 0.1
    },
    "target_mass_g": 4.0,
    "irradiation_time_s": 84085.97288724437
  },
  "results": {
    "total_reactions": 104939294163,
    "gold_atoms_produced": 1985056,
    "energy_deposited_mev": 11805670593369.107
  },
  "simulation_info": {
    "name": "sweep_634",
    "timestamp": 1750391563.5077305,
    "duration_s": 4.1961669921875e-05
  }
}