{
  "parameters": {
    "beam_energy_mev": 12.0,
    "beam_current_ua": 10.0,
    "target_composition": {
      "Pb-208": 0.8,
      "Bi-209": 0.15,
      "Tl-203": 0.05
    },
    "target_mass_g": 4.0,
    "irradiation_time_s": 15412.796635389815
  },
  "results": {
    "total_reactions": 19235170200,
    "gold_atoms_produced": 46374,
    "energy_deposited_mev": 1731165318086.984
  },
  "simulation_info": {
    "name": "sweep_287",
    "timestamp": 1750391562.0297284,
    "duration_s": 9.846687316894531e-05
  }
}