{
  "parameters": {
    "beam_energy_mev": 15.5,
    "beam_current_ua": 10.0,
    "target_composition": {
      "Pb-208": 0.9,
      "Bi-209": 0.1
    },
    "target_mass_g": 4.0,
    "irradiation_time_s": 282513.589326526
  },
  "results": {
    "total_reactions": 352576959479,
    "gold_atoms_produced": 18875356,
    "energy_deposited_mev": 40987071539492.38
  },
  "simulation_info": {
    "name": "sweep_699",
    "timestamp": 1750391563.7693996,
    "duration_s": 9.870529174804688e-05
  }
}