{
  "parameters": {
    "beam_energy_mev": 17.0,
    "beam_current_ua": 10.0,
    "target_composition": {
      "Pb-208": 0.9,
      "Bi-209": 0.1
    },
    "target_mass_g": 4.0,
    "irradiation_time_s": 136536.84686636098
  },
  "results": {
    "total_reactions": 170397984889,
    "gold_atoms_produced": 2757942,
    "energy_deposited_mev": 21725743073375.355
  },
  "simulation_info": {
    "name": "sweep_876",
    "timestamp": 1750391564.4727893,
    "duration_s": 5.9604644775390625e-05
  }
}