{
  "parameters": {
    "beam_energy_mev": 13.0,
    "beam_current_ua": 10.0,
    "target_composition": {
      "Pb-208": 1.0
    },
    "target_mass_g": 4.0,
    "irradiation_time_s": 221705.35598376938
  },
  "results": {
    "total_reactions": 276688284267,
    "gold_atoms_produced": 16384679,
    "energy_deposited_mev": 26977107716105.05
  },
  "simulation_info": {
    "name": "sweep_378",
    "timestamp": 1750391562.4106212,
    "duration_s": 3.790855407714844e-05
  }
}