{
  "parameters": {
    "beam_energy_mev": 20.0,
    "beam_current_ua": 10.0,
    "target_composition": {
      "Pb-208": 0.8,
      "Bi-209": 0.15,
      "Tl-203": 0.05
    },
    "target_mass_g": 4.0,
    "irradiation_time_s": 15412.796635389815
  },
  "results": {
    "total_reactions": 19235170200,
    "gold_atoms_produced": 13859,
    "energy_deposited_mev": 2885275530144.9727
  },
  "simulation_info": {
    "name": "sweep_1247",
    "timestamp": 1750391566.1170678,
    "duration_s": 9.989738464355469e-05
  }
}