{
  "parameters": {
    "beam_energy_mev": 17.0,
    "beam_current_ua": 10.0,
    "target_composition": {
      "Pb-208": 0.9,
      "Bi-209": 0.1
    },
    "target_mass_g": 4.0,
    "irradiation_time_s": 360000.0
  },
  "results": {
    "total_reactions": 449279999999,
    "gold_atoms_produced": 19173019,
    "energy_deposited_mev": 57283199999999.99
  },
  "simulation_info": {
    "name": "sweep_880",
    "timestamp": 1750391564.4864635,
    "duration_s": 5.650520324707031e-05
  }
}