{
  "parameters": {
    "beam_energy_mev": 16.0,
    "beam_current_ua": 10.0,
    "target_composition": {
      "Pb-208": 0.9,
      "Bi-209": 0.1
    },
    "target_mass_g": 4.0,
    "irradiation_time_s": 173985.48858858307
  },
  "results": {
    "total_reactions": 217133889758,
    "gold_atoms_produced": 6066225,
    "energy_deposited_mev": 26056066771026.195
  },
  "simulation_info": {
    "name": "sweep_757",
    "timestamp": 1750391563.983655,
    "duration_s": 7.2479248046875e-05
  }
}