{
  "parameters": {
    "beam_energy_mev": 14.0,
    "beam_current_ua": 10.0,
    "target_composition": {
      "Pb-208": 0.8,
      "Bi-209": 0.15,
      "Tl-203": 0.05
    },
    "target_mass_g": 4.0,
    "irradiation_time_s": 12095.345830621614
  },
  "results": {
    "total_reactions": 15094991596,
    "gold_atoms_produced": 43851,
    "energy_deposited_mev": 1584974117644.656
  },
  "simulation_info": {
    "name": "sweep_526",
    "timestamp": 1750391563.0932229,
    "duration_s": 8.416175842285156e-05
  }
}