{
  "parameters": {
    "beam_energy_mev": 15.0,
    "beam_current_ua": 10.0,
    "target_composition": {
      "Pb-208": 1.0
    },
    "target_mass_g": 4.0,
    "irradiation_time_s": 360000.0
  },
  "results": {
    "total_reactions": 449279999999,
    "gold_atoms_produced": 38689097,
    "energy_deposited_mev": 50543999999999.99
  },
  "simulation_info": {
    "name": "sweep_620",
    "timestamp": 1750391563.460299,
    "duration_s": 7.009506225585938e-05
  }
}