{
  "parameters": {
    "beam_energy_mev": 16.0,
    "beam_current_ua": 10.0,
    "target_composition": {
      "Pb-208": 0.8,
      "Bi-209": 0.15,
      "Tl-203": 0.05
    },
    "target_mass_g": 4.0,
    "irradiation_time_s": 136536.84686636098
  },
  "results": {
    "total_reactions": 170397984889,
    "gold_atoms_produced": 3604351,
    "energy_deposited_mev": 20447758186706.215
  },
  "simulation_info": {
    "name": "sweep_776",
    "timestamp": 1750391564.0449667,
    "duration_s": 4.696846008300781e-05
  }
}