{
  "parameters": {
    "beam_energy_mev": 13.0,
    "beam_current_ua": 10.0,
    "target_composition": {
      "Pb-208": 0.9,
      "Bi-209": 0.1
    },
    "target_mass_g": 4.0,
    "irradiation_time_s": 40638.164100648806
  },
  "results": {
    "total_reactions": 50716428797,
    "gold_atoms_produced": 518553,
    "energy_deposited_mev": 4944851807766.946
  },
  "simulation_info": {
    "name": "sweep_391",
    "timestamp": 1750391562.4568791,
    "duration_s": 4.8160552978515625e-05
  }
}