{
  "parameters": {
    "beam_energy_mev": 15.0,
    "beam_current_ua": 10.0,
    "target_composition": {
      "Pb-208": 0.8,
      "Bi-209": 0.15,
      "Tl-203": 0.05
    },
    "target_mass_g": 4.0,
    "irradiation_time_s": 19640.14121220667
  },
  "results": {
    "total_reactions": 24510896232,
    "gold_atoms_produced": 103052,
    "energy_deposited_mev": 2757475826193.8154
  },
  "simulation_info": {
    "name": "sweep_648",
    "timestamp": 1750391563.5519557,
    "duration_s": 6.389617919921875e-05
  }
}