{
  "parameters": {
    "beam_energy_mev": 10.0,
    "beam_current_ua": 10.0,
    "target_composition": {
      "Pb-208": 1.0
    },
    "target_mass_g": 4.0,
    "irradiation_time_s": 282513.589326526
  },
  "results": {
    "total_reactions": 352576959479,
    "gold_atoms_produced": 6960009,
    "energy_deposited_mev": 26443271960962.83
  },
  "simulation_info": {
    "name": "sweep_019",
    "timestamp": 1750391560.8055081,
    "duration_s": 5.936622619628906e-05
  }
}