{
  "parameters": {
    "beam_energy_mev": 12.0,
    "beam_current_ua": 10.0,
    "target_composition": {
      "Pb-208": 1.0
    },
    "target_mass_g": 4.0,
    "irradiation_time_s": 31891.20445476297
  },
  "results": {
    "total_reactions": 39800223159,
    "gold_atoms_produced": 230567,
    "energy_deposited_mev": 3582020084358.976
  },
  "simulation_info": {
    "name": "sweep_250",
    "timestamp": 1750391561.8864202,
    "duration_s": 8.559226989746094e-05
  }
}