{
  "parameters": {
    "beam_energy_mev": 14.0,
    "beam_current_ua": 10.0,
    "target_composition": {
      "Pb-208": 1.0
    },
    "target_mass_g": 4.0,
    "irradiation_time_s": 4587.389948531281
  },
  "results": {
    "total_reactions": 5725062655,
    "gold_atoms_produced": 7013,
    "energy_deposited_mev": 601131578855.539
  },
  "simulation_info": {
    "name": "sweep_482",
    "timestamp": 1750391562.8980641,
    "duration_s": 0.0001461505889892578
  }
}