{
  "parameters": {
    "beam_energy_mev": 17.0,
    "beam_current_ua": 10.0,
    "target_composition": {
      "Pb-208": 0.9,
      "Bi-209": 0.1
    },
    "target_mass_g": 4.0,
    "irradiation_time_s": 4587.389948531281
  },
  "results": {
    "total_reactions": 5725062655,
    "gold_atoms_produced": 3113,
    "energy_deposited_mev": 729945488610.2974
  },
  "simulation_info": {
    "name": "sweep_862",
    "timestamp": 1750391564.424683,
    "duration_s": 6.008148193359375e-05
  }
}