{
  "parameters": {
    "beam_energy_mev": 18.0,
    "beam_current_ua": 10.0,
    "target_composition": {
      "Pb-208": 0.9,
      "Bi-209": 0.1
    },
    "target_mass_g": 4.0,
    "irradiation_time_s": 84085.97288724437
  },
  "results": {
    "total_reactions": 104939294163,
    "gold_atoms_produced": 781245,
    "energy_deposited_mev": 14166804712042.928
  },
  "simulation_info": {
    "name": "sweep_994",
    "timestamp": 1750391564.9528806,
    "duration_s": 5.602836608886719e-05
  }
}