{
  "parameters": {
    "beam_energy_mev": 14.0,
    "beam_current_ua": 10.0,
    "target_composition": {
      "Pb-208": 0.9,
      "Bi-209": 0.1
    },
    "target_mass_g": 4.0,
    "irradiation_time_s": 19640.14121220667
  },
  "results": {
    "total_reactions": 24510896232,
    "gold_atoms_produced": 121826,
    "energy_deposited_mev": 2573644104447.5615
  },
  "simulation_info": {
    "name": "sweep_508",
    "timestamp": 1750391562.9903407,
    "duration_s": 3.314018249511719e-05
  }
}