{
  "parameters": {
    "beam_energy_mev": 14.0,
    "beam_current_ua": 10.0,
    "target_composition": {
      "Pb-208": 0.8,
      "Bi-209": 0.15,
      "Tl-203": 0.05
    },
    "target_mass_g": 4.0,
    "irradiation_time_s": 221705.35598376938
  },
  "results": {
    "total_reactions": 276688284267,
    "gold_atoms_produced": 14733258,
    "energy_deposited_mev": 29052269848113.137
  },
  "simulation_info": {
    "name": "sweep_538",
    "timestamp": 1750391563.144335,
    "duration_s": 9.059906005859375e-05
  }
}