{
  "parameters": {
    "beam_energy_mev": 12.5,
    "beam_current_ua": 10.0,
    "target_composition": {
      "Pb-208": 1.0
    },
    "target_mass_g": 4.0,
    "irradiation_time_s": 65987.30558996768
  },
  "results": {
    "total_reactions": 82352157376,
    "gold_atoms_produced": 1233835,
    "energy_deposited_mev": 7720514754026.218
  },
  "simulation_info": {
    "name": "sweep_313",
    "timestamp": 1750391562.1445708,
    "duration_s": 6.461143493652344e-05
  }
}