{
  "parameters": {
    "beam_energy_mev": 18.5,
    "beam_current_ua": 10.0,
    "target_composition": {
      "Pb-208": 0.9,
      "Bi-209": 0.1
    },
    "target_mass_g": 4.0,
    "irradiation_time_s": 4587.389948531281
  },
  "results": {
    "total_reactions": 5725062655,
    "gold_atoms_produced": 1997,
    "energy_deposited_mev": 794352443487.6764
  },
  "simulation_info": {
    "name": "sweep_1042",
    "timestamp": 1750391565.1361241,
    "duration_s": 5.817413330078125e-05
  }
}