{
  "parameters": {
    "beam_energy_mev": 19.0,
    "beam_current_ua": 10.0,
    "target_composition": {
      "Pb-208": 0.9,
      "Bi-209": 0.1
    },
    "target_mass_g": 4.0,
    "irradiation_time_s": 40638.164100648806
  },
  "results": {
    "total_reactions": 50716428797,
    "gold_atoms_produced": 133637,
    "energy_deposited_mev": 7227091103659.383
  },
  "simulation_info": {
    "name": "sweep_1111",
    "timestamp": 1750391565.421855,
    "duration_s": 4.38690185546875e-05
  }
}