{
  "parameters": {
    "beam_energy_mev": 18.5,
    "beam_current_ua": 10.0,
    "target_composition": {
      "Pb-208": 0.9,
      "Bi-209": 0.1
    },
    "target_mass_g": 4.0,
    "irradiation_time_s": 9491.94323542929
  },
  "results": {
    "total_reactions": 11845945157,
    "gold_atoms_produced": 8551,
    "energy_deposited_mev": 1643624890646.9355
  },
  "simulation_info": {
    "name": "sweep_1045",
    "timestamp": 1750391565.1495965,
    "duration_s": 0.00010848045349121094
  }
}