{
  "parameters": {
    "beam_energy_mev": 17.5,
    "beam_current_ua": 10.0,
    "target_composition": {
      "Pb-208": 1.0
    },
    "target_mass_g": 4.0,
    "irradiation_time_s": 19640.14121220667
  },
  "results": {
    "total_reactions": 24510896232,
    "gold_atoms_produced": 53168,
    "energy_deposited_mev": 3217055130559.451
  },
  "simulation_info": {
    "name": "sweep_908",
    "timestamp": 1750391564.5848594,
    "duration_s": 8.392333984375e-05
  }
}