{
  "parameters": {
    "beam_energy_mev": 19.5,
    "beam_current_ua": 10.0,
    "target_composition": {
      "Pb-208": 1.0
    },
    "target_mass_g": 4.0,
    "irradiation_time_s": 9491.94323542929
  },
  "results": {
    "total_reactions": 11845945157,
    "gold_atoms_produced": 6654,
    "energy_deposited_mev": 1732469479330.5535
  },
  "simulation_info": {
    "name": "sweep_1145",
    "timestamp": 1750391565.5439787,
    "duration_s": 3.9577484130859375e-05
  }
}