{
  "parameters": {
    "beam_energy_mev": 10.5,
    "beam_current_ua": 10.0,
    "target_composition": {
      "Pb-208": 0.9,
      "Bi-209": 0.1
    },
    "target_mass_g": 4.0,
    "irradiation_time_s": 51784.19597835586
  },
  "results": {
    "total_reactions": 64626676580,
    "gold_atoms_produced": 275434,
    "energy_deposited_mev": 5089350780752.8125
  },
  "simulation_info": {
    "name": "sweep_092",
    "timestamp": 1750391561.0752082,
    "duration_s": 3.600120544433594e-05
  }
}