{
  "parameters": {
    "beam_energy_mev": 17.0,
    "beam_current_ua": 10.0,
    "target_composition": {
      "Pb-208": 1.0
    },
    "target_mass_g": 4.0,
    "irradiation_time_s": 84085.97288724437
  },
  "results": {
    "total_reactions": 104939294163,
    "gold_atoms_produced": 1124315,
    "energy_deposited_mev": 13379760005818.322
  },
  "simulation_info": {
    "name": "sweep_854",
    "timestamp": 1750391564.384648,
    "duration_s": 0.00010466575622558594
  }
}