{
  "parameters": {
    "beam_energy_mev": 15.5,
    "beam_current_ua": 10.0,
    "target_composition": {
      "Pb-208": 0.8,
      "Bi-209": 0.15,
      "Tl-203": 0.05
    },
    "target_mass_g": 4.0,
    "irradiation_time_s": 4587.389948531281
  },
  "results": {
    "total_reactions": 5725062655,
    "gold_atoms_produced": 4768,
    "energy_deposited_mev": 665538533732.9182
  },
  "simulation_info": {
    "name": "sweep_702",
    "timestamp": 1750391563.778489,
    "duration_s": 4.76837158203125e-05
  }
}