{
  "parameters": {
    "beam_energy_mev": 17.0,
    "beam_current_ua": 10.0,
    "target_composition": {
      "Pb-208": 1.0
    },
    "target_mass_g": 4.0,
    "irradiation_time_s": 25026.94066239218
  },
  "results": {
    "total_reactions": 31233621946,
    "gold_atoms_produced": 99599,
    "energy_deposited_mev": 3982286798199.843
  },
  "simulation_info": {
    "name": "sweep_849",
    "timestamp": 1750391564.3433597,
    "duration_s": 5.650520324707031e-05
  }
}