{
  "parameters": {
    "beam_energy_mev": 10.5,
    "beam_current_ua": 10.0,
    "target_composition": {
      "Pb-208": 0.8,
      "Bi-209": 0.15,
      "Tl-203": 0.05
    },
    "target_mass_g": 4.0,
    "irradiation_time_s": 282513.589326526
  },
  "results": {
    "total_reactions": 352576959479,
    "gold_atoms_produced": 7512316,
    "energy_deposited_mev": 27765435559010.973
  },
  "simulation_info": {
    "name": "sweep_119",
    "timestamp": 1750391561.159793,
    "duration_s": 4.38690185546875e-05
  }
}