{
  "parameters": {
    "beam_energy_mev": 14.0,
    "beam_current_ua": 10.0,
    "target_composition": {
      "Pb-208": 1.0
    },
    "target_mass_g": 4.0,
    "irradiation_time_s": 12095.345830621614
  },
  "results": {
    "total_reactions": 15094991596,
    "gold_atoms_produced": 48758,
    "energy_deposited_mev": 1584974117644.656
  },
  "simulation_info": {
    "name": "sweep_486",
    "timestamp": 1750391562.9125388,
    "duration_s": 4.982948303222656e-05
  }
}