{
  "parameters": {
    "beam_energy_mev": 17.0,
    "beam_current_ua": 10.0,
    "target_composition": {
      "Pb-208": 1.0
    },
    "target_mass_g": 4.0,
    "irradiation_time_s": 136536.84686636098
  },
  "results": {
    "total_reactions": 170397984889,
    "gold_atoms_produced": 2964427,
    "energy_deposited_mev": 21725743073375.355
  },
  "simulation_info": {
    "name": "sweep_856",
    "timestamp": 1750391564.3943226,
    "duration_s": 6.389617919921875e-05
  }
}