{
  "parameters": {
    "beam_energy_mev": 11.0,
    "beam_current_ua": 10.0,
    "target_composition": {
      "Pb-208": 1.0
    },
    "target_mass_g": 4.0,
    "irradiation_time_s": 84085.97288724437
  },
  "results": {
    "total_reactions": 104939294163,
    "gold_atoms_produced": 977388,
    "energy_deposited_mev": 8657491768470.678
  },
  "simulation_info": {
    "name": "sweep_134",
    "timestamp": 1750391561.2152362,
    "duration_s": 4.267692565917969e-05
  }
}