{
  "parameters": {
    "beam_energy_mev": 16.0,
    "beam_current_ua": 10.0,
    "target_composition": {
      "Pb-208": 1.0
    },
    "target_mass_g": 4.0,
    "irradiation_time_s": 15412.796635389815
  },
  "results": {
    "total_reactions": 19235170200,
    "gold_atoms_produced": 50877,
    "energy_deposited_mev": 2308220424115.9785
  },
  "simulation_info": {
    "name": "sweep_727",
    "timestamp": 1750391563.877093,
    "duration_s": 5.7220458984375e-05
  }
}