{
  "parameters": {
    "beam_energy_mev": 15.5,
    "beam_current_ua": 10.0,
    "target_composition": {
      "Pb-208": 0.9,
      "Bi-209": 0.1
    },
    "target_mass_g": 4.0,
    "irradiation_time_s": 221705.35598376938
  },
  "results": {
    "total_reactions": 276688284267,
    "gold_atoms_produced": 11624354,
    "energy_deposited_mev": 32165013046125.258
  },
  "simulation_info": {
    "name": "sweep_698",
    "timestamp": 1750391563.7652292,
    "duration_s": 0.00012540817260742188
  }
}