{
  "parameters": {
    "beam_energy_mev": 18.0,
    "beam_current_ua": 10.0,
    "target_composition": {
      "Pb-208": 0.9,
      "Bi-209": 0.1
    },
    "target_mass_g": 4.0,
    "irradiation_time_s": 5845.596261079398
  },
  "results": {
    "total_reactions": 7295304133,
    "gold_atoms_produced": 3775,
    "energy_deposited_mev": 984866058066.6566
  },
  "simulation_info": {
    "name": "sweep_983",
    "timestamp": 1750391564.9135022,
    "duration_s": 0.00011968612670898438
  }
}