{
  "parameters": {
    "beam_energy_mev": 17.0,
    "beam_current_ua": 10.0,
    "target_composition": {
      "Pb-208": 1.0
    },
    "target_mass_g": 4.0,
    "irradiation_time_s": 51784.19597835586
  },
  "results": {
    "total_reactions": 64626676580,
    "gold_atoms_produced": 426417,
    "energy_deposited_mev": 8239901264075.983
  },
  "simulation_info": {
    "name": "sweep_852",
    "timestamp": 1750391564.371424,
    "duration_s": 0.00010037422180175781
  }
}