{
  "parameters": {
    "beam_energy_mev": 12.5,
    "beam_current_ua": 10.0,
    "target_composition": {
      "Pb-208": 1.0
    },
    "target_mass_g": 4.0,
    "irradiation_time_s": 5845.596261079398
  },
  "results": {
    "total_reactions": 7295304133,
    "gold_atoms_produced": 9682,
    "energy_deposited_mev": 683934762546.2894
  },
  "simulation_info": {
    "name": "sweep_303",
    "timestamp": 1750391562.1039963,
    "duration_s": 8.058547973632812e-05
  }
}