{
  "parameters": {
    "beam_energy_mev": 18.0,
    "beam_current_ua": 10.0,
    "target_composition": {
      "Pb-208": 0.8,
      "Bi-209": 0.15,
      "Tl-203": 0.05
    },
    "target_mass_g": 4.0,
    "irradiation_time_s": 65987.30558996768
  },
  "results": {
    "total_reactions": 82352157376,
    "gold_atoms_produced": 476707,
    "energy_deposited_mev": 11117541245797.752
  },
  "simulation_info": {
    "name": "sweep_1013",
    "timestamp": 1750391565.0167036,
    "duration_s": 7.319450378417969e-05
  }
}