{
  "parameters": {
    "beam_energy_mev": 15.5,
    "beam_current_ua": 10.0,
    "target_composition": {
      "Pb-208": 0.9,
      "Bi-209": 0.1
    },
    "target_mass_g": 4.0,
    "irradiation_time_s": 31891.20445476297
  },
  "results": {
    "total_reactions": 39800223159,
    "gold_atoms_produced": 240523,
    "energy_deposited_mev": 4626775942297.011
  },
  "simulation_info": {
    "name": "sweep_690",
    "timestamp": 1750391563.737024,
    "duration_s": 6.508827209472656e-05
  }
}