{
  "parameters": {
    "beam_energy_mev": 10.0,
    "beam_current_ua": 10.0,
    "target_composition": {
      "Pb-208": 0.9,
      "Bi-209": 0.1
    },
    "target_mass_g": 4.0,
    "irradiation_time_s": 51784.19597835586
  },
  "results": {
    "total_reactions": 64626676580,
    "gold_atoms_produced": 220513,
    "energy_deposited_mev": 4847000743574.108
  },
  "simulation_info": {
    "name": "sweep_032",
    "timestamp": 1750391560.859586,
    "duration_s": 7.724761962890625e-05
  }
}