{
  "parameters": {
    "beam_energy_mev": 15.0,
    "beam_current_ua": 10.0,
    "target_composition": {
      "Pb-208": 1.0
    },
    "target_mass_g": 4.0,
    "irradiation_time_s": 25026.94066239218
  },
  "results": {
    "total_reactions": 31233621946,
    "gold_atoms_produced": 186981,
    "energy_deposited_mev": 3513782468999.862
  },
  "simulation_info": {
    "name": "sweep_609",
    "timestamp": 1750391563.4239125,
    "duration_s": 4.57763671875e-05
  }
}