{
  "parameters": {
    "beam_energy_mev": 13.5,
    "beam_current_ua": 10.0,
    "target_composition": {
      "Pb-208": 0.8,
      "Bi-209": 0.15,
      "Tl-203": 0.05
    },
    "target_mass_g": 4.0,
    "irradiation_time_s": 65987.30558996768
  },
  "results": {
    "total_reactions": 82352157376,
    "gold_atoms_produced": 1373766,
    "energy_deposited_mev": 8338155934348.314
  },
  "simulation_info": {
    "name": "sweep_473",
    "timestamp": 1750391562.853644,
    "duration_s": 9.489059448242188e-05
  }
}