{
  "parameters": {
    "beam_energy_mev": 15.5,
    "beam_current_ua": 10.0,
    "target_composition": {
      "Pb-208": 1.0
    },
    "target_mass_g": 4.0,
    "irradiation_time_s": 40638.164100648806
  },
  "results": {
    "total_reactions": 50716428797,
    "gold_atoms_produced": 416185,
    "energy_deposited_mev": 5895784847722.128
  },
  "simulation_info": {
    "name": "sweep_671",
    "timestamp": 1750391563.6543796,
    "duration_s": 8.153915405273438e-05
  }
}