{
  "parameters": {
    "beam_energy_mev": 11.5,
    "beam_current_ua": 10.0,
    "target_composition": {
      "Pb-208": 0.9,
      "Bi-209": 0.1
    },
    "target_mass_g": 4.0,
    "irradiation_time_s": 3600.0
  },
  "results": {
    "total_reactions": 4492799999,
    "gold_atoms_produced": 2160,
    "energy_deposited_mev": 387503999999.99994
  },
  "simulation_info": {
    "name": "sweep_201",
    "timestamp": 1750391561.548629,
    "duration_s": 0.00013136863708496094
  }
}