{
  "parameters": {
    "beam_energy_mev": 17.5,
    "beam_current_ua": 10.0,
    "target_composition": {
      "Pb-208": 1.0
    },
    "target_mass_g": 4.0,
    "irradiation_time_s": 84085.97288724437
  },
  "results": {
    "total_reactions": 104939294163,
    "gold_atoms_produced": 974564,
    "energy_deposited_mev": 13773282358930.621
  },
  "simulation_info": {
    "name": "sweep_914",
    "timestamp": 1750391564.60969,
    "duration_s": 8.440017700195312e-05
  }
}