{
  "parameters": {
    "beam_energy_mev": 13.5,
    "beam_current_ua": 10.0,
    "target_composition": {
      "Pb-208": 1.0
    },
    "target_mass_g": 4.0,
    "irradiation_time_s": 19640.14121220667
  },
  "results": {
    "total_reactions": 24510896232,
    "gold_atoms_produced": 136586,
    "energy_deposited_mev": 2481728243574.4336
  },
  "simulation_info": {
    "name": "sweep_428",
    "timestamp": 1750391562.648774,
    "duration_s": 9.822845458984375e-05
  }
}