{
  "parameters": {
    "beam_energy_mev": 10.5,
    "beam_current_ua": 10.0,
    "target_composition": {
      "Pb-208": 0.8,
      "Bi-209": 0.15,
      "Tl-203": 0.05
    },
    "target_mass_g": 4.0,
    "irradiation_time_s": 65987.30558996768
  },
  "results": {
    "total_reactions": 82352157376,
    "gold_atoms_produced": 409841,
    "energy_deposited_mev": 6485232393382.022
  },
  "simulation_info": {
    "name": "sweep_113",
    "timestamp": 1750391561.138551,
    "duration_s": 4.0531158447265625e-05
  }
}