{
  "parameters": {
    "beam_energy_mev": 10.5,
    "beam_current_ua": 10.0,
    "target_composition": {
      "Pb-208": 0.8,
      "Bi-209": 0.15,
      "Tl-203": 0.05
    },
    "target_mass_g": 4.0,
    "irradiation_time_s": 51784.19597835586
  },
  "results": {
    "total_reactions": 64626676580,
    "gold_atoms_produced": 252400,
    "energy_deposited_mev": 5089350780752.8125
  },
  "simulation_info": {
    "name": "sweep_112",
    "timestamp": 1750391561.1357415,
    "duration_s": 5.078315734863281e-05
  }
}