{
  "parameters": {
    "beam_energy_mev": 17.0,
    "beam_current_ua": 10.0,
    "target_composition": {
      "Pb-208": 0.9,
      "Bi-209": 0.1
    },
    "target_mass_g": 4.0,
    "irradiation_time_s": 25026.94066239218
  },
  "results": {
    "total_reactions": 31233621946,
    "gold_atoms_produced": 92661,
    "energy_deposited_mev": 3982286798199.843
  },
  "simulation_info": {
    "name": "sweep_869",
    "timestamp": 1750391564.450764,
    "duration_s": 8.177757263183594e-05
  }
}