{
  "parameters": {
    "beam_energy_mev": 18.5,
    "beam_current_ua": 10.0,
    "target_composition": {
      "Pb-208": 0.8,
      "Bi-209": 0.15,
      "Tl-203": 0.05
    },
    "target_mass_g": 4.0,
    "irradiation_time_s": 5845.596261079398
  },
  "results": {
    "total_reactions": 7295304133,
    "gold_atoms_produced": 3235,
    "energy_deposited_mev": 1012223448568.5083
  },
  "simulation_info": {
    "name": "sweep_1063",
    "timestamp": 1750391565.2245076,
    "duration_s": 7.62939453125e-05
  }
}