{
  "parameters": {
    "beam_energy_mev": 18.5,
    "beam_current_ua": 10.0,
    "target_composition": {
      "Pb-208": 1.0
    },
    "target_mass_g": 4.0,
    "irradiation_time_s": 40638.164100648806
  },
  "results": {
    "total_reactions": 50716428797,
    "gold_atoms_produced": 169278,
    "energy_deposited_mev": 7036904495668.345
  },
  "simulation_info": {
    "name": "sweep_1031",
    "timestamp": 1750391565.0884185,
    "duration_s": 5.745887756347656e-05
  }
}