{
  "parameters": {
    "beam_energy_mev": 20.0,
    "beam_current_ua": 10.0,
    "target_composition": {
      "Pb-208": 0.8,
      "Bi-209": 0.15,
      "Tl-203": 0.05
    },
    "target_mass_g": 4.0,
    "irradiation_time_s": 107148.65189872745
  },
  "results": {
    "total_reactions": 133721517569,
    "gold_atoms_produced": 669809,
    "energy_deposited_mev": 20058227635441.777
  },
  "simulation_info": {
    "name": "sweep_1255",
    "timestamp": 1750391566.1476154,
    "duration_s": 0.00011324882507324219
  }
}