{
  "parameters": {
    "beam_energy_mev": 18.5,
    "beam_current_ua": 10.0,
    "target_composition": {
      "Pb-208": 0.9,
      "Bi-209": 0.1
    },
    "target_mass_g": 4.0,
    "irradiation_time_s": 7448.897092013243
  },
  "results": {
    "total_reactions": 9296223570,
    "gold_atoms_produced": 5266,
    "energy_deposited_mev": 1289851020453.013
  },
  "simulation_info": {
    "name": "sweep_1044",
    "timestamp": 1750391565.1430783,
    "duration_s": 9.322166442871094e-05
  }
}