{
  "parameters": {
    "beam_energy_mev": 10.0,
    "beam_current_ua": 10.0,
    "target_composition": {
      "Pb-208": 0.9,
      "Bi-209": 0.1
    },
    "target_mass_g": 4.0,
    "irradiation_time_s": 9491.94323542929
  },
  "results": {
    "total_reactions": 11845945157,
    "gold_atoms_produced": 7408,
    "energy_deposited_mev": 888445886836.1813
  },
  "simulation_info": {
    "name": "sweep_025",
    "timestamp": 1750391560.8295088,
    "duration_s": 0.0005769729614257812
  }
}