{
  "parameters": {
    "beam_energy_mev": 13.0,
    "beam_current_ua": 10.0,
    "target_composition": {
      "Pb-208": 0.8,
      "Bi-209": 0.15,
      "Tl-203": 0.05
    },
    "target_mass_g": 4.0,
    "irradiation_time_s": 84085.97288724437
  },
  "results": {
    "total_reactions": 104939294163,
    "gold_atoms_produced": 2090144,
    "energy_deposited_mev": 10231581180919.893
  },
  "simulation_info": {
    "name": "sweep_414",
    "timestamp": 1750391562.5833166,
    "duration_s": 0.000110626220703125
  }
}