{
  "parameters": {
    "beam_energy_mev": 16.5,
    "beam_current_ua": 10.0,
    "target_composition": {
      "Pb-208": 1.0
    },
    "target_mass_g": 4.0,
    "irradiation_time_s": 221705.35598376938
  },
  "results": {
    "total_reactions": 276688284267,
    "gold_atoms_produced": 9036675,
    "energy_deposited_mev": 34240175178133.34
  },
  "simulation_info": {
    "name": "sweep_798",
    "timestamp": 1750391564.1323164,
    "duration_s": 0.00010704994201660156
  }
}