{
  "parameters": {
    "beam_energy_mev": 17.0,
    "beam_current_ua": 10.0,
    "target_composition": {
      "Pb-208": 1.0
    },
    "target_mass_g": 4.0,
    "irradiation_time_s": 40638.164100648806
  },
  "results": {
    "total_reactions": 50716428797,
    "gold_atoms_produced": 262608,
    "energy_deposited_mev": 6466344671695.237
  },
  "simulation_info": {
    "name": "sweep_851",
    "timestamp": 1750391564.3613539,
    "duration_s": 8.940696716308594e-05
  }
}