{
  "parameters": {
    "beam_energy_mev": 11.0,
    "beam_current_ua": 10.0,
    "target_composition": {
      "Pb-208": 1.0
    },
    "target_mass_g": 4.0,
    "irradiation_time_s": 51784.19597835586
  },
  "results": {
    "total_reactions": 64626676580,
    "gold_atoms_produced": 370693,
    "energy_deposited_mev": 5331700817931.519
  },
  "simulation_info": {
    "name": "sweep_132",
    "timestamp": 1750391561.2091887,
    "duration_s": 3.1948089599609375e-05
  }
}