{
  "parameters": {
    "beam_energy_mev": 20.0,
    "beam_current_ua": 10.0,
    "target_composition": {
      "Pb-208": 0.9,
      "Bi-209": 0.1
    },
    "target_mass_g": 4.0,
    "irradiation_time_s": 107148.65189872745
  },
  "results": {
    "total_reactions": 133721517569,
    "gold_atoms_produced": 657932,
    "energy_deposited_mev": 20058227635441.777
  },
  "simulation_info": {
    "name": "sweep_1235",
    "timestamp": 1750391566.0712132,
    "duration_s": 4.601478576660156e-05
  }
}