{
  "parameters": {
    "beam_energy_mev": 18.5,
    "beam_current_ua": 10.0,
    "target_composition": {
      "Pb-208": 0.9,
      "Bi-209": 0.1
    },
    "target_mass_g": 4.0,
    "irradiation_time_s": 282513.589326526
  },
  "results": {
    "total_reactions": 352576959479,
    "gold_atoms_produced": 7575893,
    "energy_deposited_mev": 48920053127781.23
  },
  "simulation_info": {
    "name": "sweep_1059",
    "timestamp": 1750391565.2072499,
    "duration_s": 7.343292236328125e-05
  }
}