{
  "parameters": {
    "beam_energy_mev": 16.0,
    "beam_current_ua": 10.0,
    "target_composition": {
      "Pb-208": 0.8,
      "Bi-209": 0.15,
      "Tl-203": 0.05
    },
    "target_mass_g": 4.0,
    "irradiation_time_s": 51784.19597835586
  },
  "results": {
    "total_reactions": 64626676580,
    "gold_atoms_produced": 518467,
    "energy_deposited_mev": 7755201189718.572
  },
  "simulation_info": {
    "name": "sweep_772",
    "timestamp": 1750391564.033645,
    "duration_s": 7.152557373046875e-05
  }
}