{
  "parameters": {
    "beam_energy_mev": 13.5,
    "beam_current_ua": 10.0,
    "target_composition": {
      "Pb-208": 0.9,
      "Bi-209": 0.1
    },
    "target_mass_g": 4.0,
    "irradiation_time_s": 25026.94066239218
  },
  "results": {
    "total_reactions": 31233621946,
    "gold_atoms_produced": 209440,
    "energy_deposited_mev": 3162404222099.875
  },
  "simulation_info": {
    "name": "sweep_449",
    "timestamp": 1750391562.7460063,
    "duration_s": 9.298324584960938e-05
  }
}