{
  "parameters": {
    "beam_energy_mev": 16.0,
    "beam_current_ua": 10.0,
    "target_composition": {
      "Pb-208": 1.0
    },
    "target_mass_g": 4.0,
    "irradiation_time_s": 31891.20445476297
  },
  "results": {
    "total_reactions": 39800223159,
    "gold_atoms_produced": 217824,
    "energy_deposited_mev": 4776026779145.302
  },
  "simulation_info": {
    "name": "sweep_730",
    "timestamp": 1750391563.8887286,
    "duration_s": 7.62939453125e-05
  }
}