{
  "parameters": {
    "beam_energy_mev": 14.0,
    "beam_current_ua": 10.0,
    "target_composition": {
      "Pb-208": 0.9,
      "Bi-209": 0.1
    },
    "target_mass_g": 4.0,
    "irradiation_time_s": 4587.389948531281
  },
  "results": {
    "total_reactions": 5725062655,
    "gold_atoms_produced": 6646,
    "energy_deposited_mev": 601131578855.539
  },
  "simulation_info": {
    "name": "sweep_502",
    "timestamp": 1750391562.971285,
    "duration_s": 4.673004150390625e-05
  }
}