{
  "parameters": {
    "beam_energy_mev": 15.5,
    "beam_current_ua": 10.0,
    "target_composition": {
      "Pb-208": 0.9,
      "Bi-209": 0.1
    },
    "target_mass_g": 4.0,
    "irradiation_time_s": 12095.345830621614
  },
  "results": {
    "total_reactions": 15094991596,
    "gold_atoms_produced": 34598,
    "energy_deposited_mev": 1754792773106.5837
  },
  "simulation_info": {
    "name": "sweep_686",
    "timestamp": 1750391563.7196925,
    "duration_s": 9.870529174804688e-05
  }
}