{
  "parameters": {
    "beam_energy_mev": 15.0,
    "beam_current_ua": 10.0,
    "target_composition": {
      "Pb-208": 1.0
    },
    "target_mass_g": 4.0,
    "irradiation_time_s": 136536.84686636098
  },
  "results": {
    "total_reactions": 170397984889,
    "gold_atoms_produced": 5565232,
    "energy_deposited_mev": 19169773300037.08
  },
  "simulation_info": {
    "name": "sweep_616",
    "timestamp": 1750391563.4457905,
    "duration_s": 8.7738037109375e-05
  }
}