{
  "parameters": {
    "beam_energy_mev": 12.0,
    "beam_current_ua": 10.0,
    "target_composition": {
      "Pb-208": 1.0
    },
    "target_mass_g": 4.0,
    "irradiation_time_s": 19640.14121220667
  },
  "results": {
    "total_reactions": 24510896232,
    "gold_atoms_produced": 87446,
    "energy_deposited_mev": 2205980660955.0527
  },
  "simulation_info": {
    "name": "sweep_248",
    "timestamp": 1750391561.8767154,
    "duration_s": 7.009506225585938e-05
  }
}