{
  "parameters": {
    "beam_energy_mev": 16.0,
    "beam_current_ua": 10.0,
    "target_composition": {
      "Pb-208": 1.0
    },
    "target_mass_g": 4.0,
    "irradiation_time_s": 12095.345830621614
  },
  "results": {
    "total_reactions": 15094991596,
    "gold_atoms_produced": 31332,
    "energy_deposited_mev": 1811398991593.8928
  },
  "simulation_info": {
    "name": "sweep_726",
    "timestamp": 1750391563.873533,
    "duration_s": 6.699562072753906e-05
  }
}