{
  "parameters": {
    "beam_energy_mev": 19.0,
    "beam_current_ua": 10.0,
    "target_composition": {
      "Pb-208": 0.9,
      "Bi-209": 0.1
    },
    "target_mass_g": 4.0,
    "irradiation_time_s": 136536.84686636098
  },
  "results": {
    "total_reactions": 170397984889,
    "gold_atoms_produced": 1508546,
    "energy_deposited_mev": 24281712846713.633
  },
  "simulation_info": {
    "name": "sweep_1116",
    "timestamp": 1750391565.4377909,
    "duration_s": 4.0531158447265625e-05
  }
}