{
  "parameters": {
    "beam_energy_mev": 14.0,
    "beam_current_ua": 10.0,
    "target_composition": {
      "Pb-208": 1.0
    },
    "target_mass_g": 4.0,
    "irradiation_time_s": 282513.589326526
  },
  "results": {
    "total_reactions": 352576959479,
    "gold_atoms_produced": 26600642,
    "energy_deposited_mev": 37020580745347.96
  },
  "simulation_info": {
    "name": "sweep_499",
    "timestamp": 1750391562.9598682,
    "duration_s": 7.343292236328125e-05
  }
}