{
  "parameters": {
    "beam_energy_mev": 15.0,
    "beam_current_ua": 10.0,
    "target_composition": {
      "Pb-208": 1.0
    },
    "target_mass_g": 4.0,
    "irradiation_time_s": 65987.30558996768
  },
  "results": {
    "total_reactions": 82352157376,
    "gold_atoms_produced": 1299883,
    "energy_deposited_mev": 9264617704831.46
  },
  "simulation_info": {
    "name": "sweep_613",
    "timestamp": 1750391563.437298,
    "duration_s": 4.1961669921875e-05
  }
}