{
  "parameters": {
    "beam_energy_mev": 19.0,
    "beam_current_ua": 10.0,
    "target_composition": {
      "Pb-208": 0.8,
      "Bi-209": 0.15,
      "Tl-203": 0.05
    },
    "target_mass_g": 4.0,
    "irradiation_time_s": 282513.589326526
  },
  "results": {
    "total_reactions": 352576959479,
    "gold_atoms_produced": 6485689,
    "energy_deposited_mev": 50242216725829.37
  },
  "simulation_info": {
    "name": "sweep_1139",
    "timestamp": 1750391565.5245404,
    "duration_s": 4.982948303222656e-05
  }
}