{
  "parameters": {
    "beam_energy_mev": 13.0,
    "beam_current_ua": 10.0,
    "target_composition": {
      "Pb-208": 1.0
    },
    "target_mass_g": 4.0,
    "irradiation_time_s": 25026.94066239218
  },
  "results": {
    "total_reactions": 31233621946,
    "gold_atoms_produced": 208785,
    "energy_deposited_mev": 3045278139799.8794
  },
  "simulation_info": {
    "name": "sweep_369",
    "timestamp": 1750391562.378644,
    "duration_s": 5.173683166503906e-05
  }
}