{
  "parameters": {
    "beam_energy_mev": 17.0,
    "beam_current_ua": 10.0,
    "target_composition": {
      "Pb-208": 1.0
    },
    "target_mass_g": 4.0,
    "irradiation_time_s": 65987.30558996768
  },
  "results": {
    "total_reactions": 82352157376,
    "gold_atoms_produced": 692407,
    "energy_deposited_mev": 10499900065475.656
  },
  "simulation_info": {
    "name": "sweep_853",
    "timestamp": 1750391564.3765988,
    "duration_s": 0.00014829635620117188
  }
}