{
  "parameters": {
    "beam_energy_mev": 11.5,
    "beam_current_ua": 10.0,
    "target_composition": {
      "Pb-208": 1.0
    },
    "target_mass_g": 4.0,
    "irradiation_time_s": 12095.345830621614
  },
  "results": {
    "total_reactions": 15094991596,
    "gold_atoms_produced": 25914,
    "energy_deposited_mev": 1301943025208.1106
  },
  "simulation_info": {
    "name": "sweep_186",
    "timestamp": 1750391561.4353375,
    "duration_s": 6.198883056640625e-05
  }
}