{
  "parameters": {
    "beam_energy_mev": 11.5,
    "beam_current_ua": 10.0,
    "target_composition": {
      "Pb-208": 0.8,
      "Bi-209": 0.15,
      "Tl-203": 0.05
    },
    "target_mass_g": 4.0,
    "irradiation_time_s": 19640.14121220667
  },
  "results": {
    "total_reactions": 24510896232,
    "gold_atoms_produced": 58878,
    "energy_deposited_mev": 2114064800081.9255
  },
  "simulation_info": {
    "name": "sweep_228",
    "timestamp": 1750391561.7783253,
    "duration_s": 7.724761962890625e-05
  }
}