{
  "parameters": {
    "beam_energy_mev": 15.0,
    "beam_current_ua": 10.0,
    "target_composition": {
      "Pb-208": 0.9,
      "Bi-209": 0.1
    },
    "target_mass_g": 4.0,
    "irradiation_time_s": 282513.589326526
  },
  "results": {
    "total_reactions": 352576959479,
    "gold_atoms_produced": 22408064,
    "energy_deposited_mev": 39664907941444.24
  },
  "simulation_info": {
    "name": "sweep_639",
    "timestamp": 1750391563.523295,
    "duration_s": 4.9114227294921875e-05
  }
}