{
  "parameters": {
    "beam_energy_mev": 20.0,
    "beam_current_ua": 10.0,
    "target_composition": {
      "Pb-208": 1.0
    },
    "target_mass_g": 4.0,
    "irradiation_time_s": 65987.30558996768
  },
  "results": {
    "total_reactions": 82352157376,
    "gold_atoms_produced": 269280,
    "energy_deposited_mev": 12352823606441.947
  },
  "simulation_info": {
    "name": "sweep_1213",
    "timestamp": 1750391565.8445861,
    "duration_s": 0.00017690658569335938
  }
}