{
  "parameters": {
    "beam_energy_mev": 11.5,
    "beam_current_ua": 10.0,
    "target_composition": {
      "Pb-208": 1.0
    },
    "target_mass_g": 4.0,
    "irradiation_time_s": 31891.20445476297
  },
  "results": {
    "total_reactions": 39800223159,
    "gold_atoms_produced": 180157,
    "energy_deposited_mev": 3432769247510.685
  },
  "simulation_info": {
    "name": "sweep_190",
    "timestamp": 1750391561.451614,
    "duration_s": 6.008148193359375e-05
  }
}