{
  "parameters": {
    "beam_energy_mev": 10.0,
    "beam_current_ua": 10.0,
    "target_composition": {
      "Pb-208": 0.9,
      "Bi-209": 0.1
    },
    "target_mass_g": 4.0,
    "irradiation_time_s": 25026.94066239218
  },
  "results": {
    "total_reactions": 31233621946,
    "gold_atoms_produced": 51505,
    "energy_deposited_mev": 2342521645999.907
  },
  "simulation_info": {
    "name": "sweep_029",
    "timestamp": 1750391560.848055,
    "duration_s": 6.628036499023438e-05
  }
}