{
  "parameters": {
    "beam_energy_mev": 17.0,
    "beam_current_ua": 10.0,
    "target_composition": {
      "Pb-208": 1.0
    },
    "target_mass_g": 4.0,
    "irradiation_time_s": 7448.897092013243
  },
  "results": {
    "total_reactions": 9296223570,
    "gold_atoms_produced": 8823,
    "energy_deposited_mev": 1185268505281.147
  },
  "simulation_info": {
    "name": "sweep_844",
    "timestamp": 1750391564.3229578,
    "duration_s": 6.914138793945312e-05
  }
}