{
  "parameters": {
    "beam_energy_mev": 17.0,
    "beam_current_ua": 10.0,
    "target_composition": {
      "Pb-208": 1.0
    },
    "target_mass_g": 4.0,
    "irradiation_time_s": 15412.796635389815
  },
  "results": {
    "total_reactions": 19235170200,
    "gold_atoms_produced": 37774,
    "energy_deposited_mev": 2452484200623.227
  },
  "simulation_info": {
    "name": "sweep_847",
    "timestamp": 1750391564.3364878,
    "duration_s": 7.891654968261719e-05
  }
}