{
  "parameters": {
    "beam_energy_mev": 10.0,
    "beam_current_ua": 10.0,
    "target_composition": {
      "Pb-208": 0.8,
      "Bi-209": 0.15,
      "Tl-203": 0.05
    },
    "target_mass_g": 4.0,
    "irradiation_time_s": 136536.84686636098
  },
  "results": {
    "total_reactions": 170397984889,
    "gold_atoms_produced": 1405374,
    "energy_deposited_mev": 12779848866691.385
  },
  "simulation_info": {
    "name": "sweep_056",
    "timestamp": 1750391560.9550767,
    "duration_s": 5.8650970458984375e-05
  }
}