{
  "parameters": {
    "beam_energy_mev": 19.0,
    "beam_current_ua": 10.0,
    "target_composition": {
      "Pb-208": 1.0
    },
    "target_mass_g": 4.0,
    "irradiation_time_s": 221705.35598376938
  },
  "results": {
    "total_reactions": 276688284267,
    "gold_atoms_produced": 4296712,
    "energy_deposited_mev": 39428080508153.53
  },
  "simulation_info": {
    "name": "sweep_1098",
    "timestamp": 1750391565.3702195,
    "duration_s": 4.458427429199219e-05
  }
}