{
  "parameters": {
    "beam_energy_mev": 18.5,
    "beam_current_ua": 10.0,
    "target_composition": {
      "Pb-208": 1.0
    },
    "target_mass_g": 4.0,
    "irradiation_time_s": 136536.84686636098
  },
  "results": {
    "total_reactions": 170397984889,
    "gold_atoms_produced": 1910882,
    "energy_deposited_mev": 23642720403379.062
  },
  "simulation_info": {
    "name": "sweep_1036",
    "timestamp": 1750391565.1082203,
    "duration_s": 5.650520324707031e-05
  }
}