{
  "parameters": {
    "beam_energy_mev": 17.5,
    "beam_current_ua": 10.0,
    "target_composition": {
      "Pb-208": 0.9,
      "Bi-209": 0.1
    },
    "target_mass_g": 4.0,
    "irradiation_time_s": 65987.30558996768
  },
  "results": {
    "total_reactions": 82352157376,
    "gold_atoms_produced": 557168,
    "energy_deposited_mev": 10808720655636.703
  },
  "simulation_info": {
    "name": "sweep_933",
    "timestamp": 1750391564.6988444,
    "duration_s": 0.00010323524475097656
  }
}