{
  "parameters": {
    "beam_energy_mev": 14.0,
    "beam_current_ua": 10.0,
    "target_composition": {
      "Pb-208": 1.0
    },
    "target_mass_g": 4.0,
    "irradiation_time_s": 25026.94066239218
  },
  "results": {
    "total_reactions": 31233621946,
    "gold_atoms_produced": 208751,
    "energy_deposited_mev": 3279530304399.8706
  },
  "simulation_info": {
    "name": "sweep_489",
    "timestamp": 1750391562.92426,
    "duration_s": 4.76837158203125e-05
  }
}