{
  "parameters": {
    "beam_energy_mev": 10.5,
    "beam_current_ua": 10.0,
    "target_composition": {
      "Pb-208": 1.0
    },
    "target_mass_g": 4.0,
    "irradiation_time_s": 15412.796635389815
  },
  "results": {
    "total_reactions": 19235170200,
    "gold_atoms_produced": 25891,
    "energy_deposited_mev": 1514769653326.1106
  },
  "simulation_info": {
    "name": "sweep_067",
    "timestamp": 1750391560.9933805,
    "duration_s": 5.14984130859375e-05
  }
}