{
  "parameters": {
    "beam_energy_mev": 20.0,
    "beam_current_ua": 10.0,
    "target_composition": {
      "Pb-208": 1.0
    },
    "target_mass_g": 4.0,
    "irradiation_time_s": 282513.589326526
  },
  "results": {
    "total_reactions": 352576959479,
    "gold_atoms_produced": 4935854,
    "energy_deposited_mev": 52886543921925.66
  },
  "simulation_info": {
    "name": "sweep_1219",
    "timestamp": 1750391565.9682279,
    "duration_s": 0.00010371208190917969
  }
}