{
  "parameters": {
    "beam_energy_mev": 11.5,
    "beam_current_ua": 10.0,
    "target_composition": {
      "Pb-208": 0.9,
      "Bi-209": 0.1
    },
    "target_mass_g": 4.0,
    "irradiation_time_s": 5845.596261079398
  },
  "results": {
    "total_reactions": 7295304133,
    "gold_atoms_produced": 5696,
    "energy_deposited_mev": 629219981542.5863
  },
  "simulation_info": {
    "name": "sweep_203",
    "timestamp": 1750391561.6218452,
    "duration_s": 0.00011181831359863281
  }
}