{
  "parameters": {
    "beam_energy_mev": 12.0,
    "beam_current_ua": 10.0,
    "target_composition": {
      "Pb-208": 1.0
    },
    "target_mass_g": 4.0,
    "irradiation_time_s": 7448.897092013243
  },
  "results": {
    "total_reactions": 9296223570,
    "gold_atoms_produced": 12578,
    "energy_deposited_mev": 836660121374.9274
  },
  "simulation_info": {
    "name": "sweep_244",
    "timestamp": 1750391561.859276,
    "duration_s": 5.054473876953125e-05
  }
}