{
  "parameters": {
    "beam_energy_mev": 10.5,
    "beam_current_ua": 10.0,
    "target_composition": {
      "Pb-208": 0.9,
      "Bi-209": 0.1
    },
    "target_mass_g": 4.0,
    "irradiation_time_s": 25026.94066239218
  },
  "results": {
    "total_reactions": 31233621946,
    "gold_atoms_produced": 64333,
    "energy_deposited_mev": 2459647728299.903
  },
  "simulation_info": {
    "name": "sweep_089",
    "timestamp": 1750391561.066816,
    "duration_s": 9.036064147949219e-05
  }
}