{
  "parameters": {
    "beam_energy_mev": 13.5,
    "beam_current_ua": 10.0,
    "target_composition": {
      "Pb-208": 1.0
    },
    "target_mass_g": 4.0,
    "irradiation_time_s": 15412.796635389815
  },
  "results": {
    "total_reactions": 19235170200,
    "gold_atoms_produced": 84116,
    "energy_deposited_mev": 1947560982847.8567
  },
  "simulation_info": {
    "name": "sweep_427",
    "timestamp": 1750391562.6434305,
    "duration_s": 7.390975952148438e-05
  }
}