{
  "parameters": {
    "beam_energy_mev": 12.0,
    "beam_current_ua": 10.0,
    "target_composition": {
      "Pb-208": 1.0
    },
    "target_mass_g": 4.0,
    "irradiation_time_s": 12095.345830621614
  },
  "results": {
    "total_reactions": 15094991596,
    "gold_atoms_produced": 33165,
    "energy_deposited_mev": 1358549243695.4194
  },
  "simulation_info": {
    "name": "sweep_246",
    "timestamp": 1750391561.8679135,
    "duration_s": 0.00010228157043457031
  }
}