{
  "parameters": {
    "beam_energy_mev": 10.0,
    "beam_current_ua": 10.0,
    "target_composition": {
      "Pb-208": 1.0
    },
    "target_mass_g": 4.0,
    "irradiation_time_s": 65987.30558996768
  },
  "results": {
    "total_reactions": 82352157376,
    "gold_atoms_produced": 379709,
    "energy_deposited_mev": 6176411803220.974
  },
  "simulation_info": {
    "name": "sweep_013",
    "timestamp": 1750391560.7803164,
    "duration_s": 6.365776062011719e-05
  }
}