{
  "parameters": {
    "beam_energy_mev": 13.0,
    "beam_current_ua": 10.0,
    "target_composition": {
      "Pb-208": 1.0
    },
    "target_mass_g": 4.0,
    "irradiation_time_s": 12095.345830621614
  },
  "results": {
    "total_reactions": 15094991596,
    "gold_atoms_produced": 48766,
    "energy_deposited_mev": 1471761680670.0378
  },
  "simulation_info": {
    "name": "sweep_366",
    "timestamp": 1750391562.3659298,
    "duration_s": 0.0002658367156982422
  }
}