{
  "parameters": {
    "beam_energy_mev": 17.0,
    "beam_current_ua": 10.0,
    "target_composition": {
      "Pb-208": 0.9,
      "Bi-209": 0.1
    },
    "target_mass_g": 4.0,
    "irradiation_time_s": 173985.48858858307
  },
  "results": {
    "total_reactions": 217133889758,
    "gold_atoms_produced": 4478283,
    "energy_deposited_mev": 27684570944215.336
  },
  "simulation_info": {
    "name": "sweep_877",
    "timestamp": 1750391564.4756317,
    "duration_s": 4.839897155761719e-05
  }
}