{
  "parameters": {
    "beam_energy_mev": 13.5,
    "beam_current_ua": 10.0,
    "target_composition": {
      "Pb-208": 0.9,
      "Bi-209": 0.1
    },
    "target_mass_g": 4.0,
    "irradiation_time_s": 107148.65189872745
  },
  "results": {
    "total_reactions": 133721517569,
    "gold_atoms_produced": 3838995,
    "energy_deposited_mev": 13539303653923.197
  },
  "simulation_info": {
    "name": "sweep_455",
    "timestamp": 1750391562.7717273,
    "duration_s": 5.364418029785156e-05
  }
}