{
  "parameters": {
    "beam_energy_mev": 11.5,
    "beam_current_ua": 10.0,
    "target_composition": {
      "Pb-208": 1.0
    },
    "target_mass_g": 4.0,
    "irradiation_time_s": 9491.94323542929
  },
  "results": {
    "total_reactions": 11845945157,
    "gold_atoms_produced": 15959,
    "energy_deposited_mev": 1021712769861.6083
  },
  "simulation_info": {
    "name": "sweep_185",
    "timestamp": 1750391561.4305203,
    "duration_s": 5.984306335449219e-05
  }
}