{
  "parameters": {
    "beam_energy_mev": 10.0,
    "beam_current_ua": 10.0,
    "target_composition": {
      "Pb-208": 0.9,
      "Bi-209": 0.1
    },
    "target_mass_g": 4.0,
    "irradiation_time_s": 65987.30558996768
  },
  "results": {
    "total_reactions": 82352157376,
    "gold_atoms_produced": 358064,
    "energy_deposited_mev": 6176411803220.974
  },
  "simulation_info": {
    "name": "sweep_033",
    "timestamp": 1750391560.8634655,
    "duration_s": 5.6743621826171875e-05
  }
}