{
  "parameters": {
    "beam_energy_mev": 20.0,
    "beam_current_ua": 10.0,
    "target_composition": {
      "Pb-208": 1.0
    },
    "target_mass_g": 4.0,
    "irradiation_time_s": 221705.35598376938
  },
  "results": {
    "total_reactions": 276688284267,
    "gold_atoms_produced": 3039736,
    "energy_deposited_mev": 41503242640161.62
  },
  "simulation_info": {
    "name": "sweep_1218",
    "timestamp": 1750391565.8654673,
    "duration_s": 0.00010561943054199219
  }
}