{
  "parameters": {
    "beam_energy_mev": 11.5,
    "beam_current_ua": 10.0,
    "target_composition": {
      "Pb-208": 1.0
    },
    "target_mass_g": 4.0,
    "irradiation_time_s": 25026.94066239218
  },
  "results": {
    "total_reactions": 31233621946,
    "gold_atoms_produced": 110949,
    "energy_deposited_mev": 2693899892899.8936
  },
  "simulation_info": {
    "name": "sweep_189",
    "timestamp": 1750391561.4464738,
    "duration_s": 7.939338684082031e-05
  }
}