{
  "parameters": {
    "beam_energy_mev": 15.0,
    "beam_current_ua": 10.0,
    "target_composition": {
      "Pb-208": 1.0
    },
    "target_mass_g": 4.0,
    "irradiation_time_s": 221705.35598376938
  },
  "results": {
    "total_reactions": 276688284267,
    "gold_atoms_produced": 14673576,
    "energy_deposited_mev": 31127431980121.215
  },
  "simulation_info": {
    "name": "sweep_618",
    "timestamp": 1750391563.4547594,
    "duration_s": 5.364418029785156e-05
  }
}