{
  "parameters": {
    "beam_energy_mev": 19.0,
    "beam_current_ua": 10.0,
    "target_composition": {
      "Pb-208": 1.0
    },
    "target_mass_g": 4.0,
    "irradiation_time_s": 15412.796635389815
  },
  "results": {
    "total_reactions": 19235170200,
    "gold_atoms_produced": 20765,
    "energy_deposited_mev": 2741011753637.724
  },
  "simulation_info": {
    "name": "sweep_1087",
    "timestamp": 1750391565.3203115,
    "duration_s": 7.677078247070312e-05
  }
}