{
  "parameters": {
    "beam_energy_mev": 10.5,
    "beam_current_ua": 10.0,
    "target_composition": {
      "Pb-208": 0.8,
      "Bi-209": 0.15,
      "Tl-203": 0.05
    },
    "target_mass_g": 4.0,
    "irradiation_time_s": 5845.596261079398
  },
  "results": {
    "total_reactions": 7295304133,
    "gold_atoms_produced": 3216,
    "energy_deposited_mev": 574505200538.883
  },
  "simulation_info": {
    "name": "sweep_103",
    "timestamp": 1750391561.1081212,
    "duration_s": 4.1961669921875e-05
  }
}