{
  "parameters": {
    "beam_energy_mev": 11.0,
    "beam_current_ua": 10.0,
    "target_composition": {
      "Pb-208": 0.8,
      "Bi-209": 0.15,
      "Tl-203": 0.05
    },
    "target_mass_g": 4.0,
    "irradiation_time_s": 221705.35598376938
  },
  "results": {
    "total_reactions": 276688284267,
    "gold_atoms_produced": 5861124,
    "energy_deposited_mev": 22826783452088.89
  },
  "simulation_info": {
    "name": "sweep_178",
    "timestamp": 1750391561.389541,
    "duration_s": 8.273124694824219e-05
  }
}