{
  "parameters": {
    "beam_energy_mev": 20.0,
    "beam_current_ua": 10.0,
    "target_composition": {
      "Pb-208": 0.9,
      "Bi-209": 0.1
    },
    "target_mass_g": 4.0,
    "irradiation_time_s": 15412.796635389815
  },
  "results": {
    "total_reactions": 19235170200,
    "gold_atoms_produced": 13613,
    "energy_deposited_mev": 2885275530144.9727
  },
  "simulation_info": {
    "name": "sweep_1227",
    "timestamp": 1750391566.0321436,
    "duration_s": 0.00011229515075683594
  }
}