{
  "parameters": {
    "beam_energy_mev": 11.0,
    "beam_current_ua": 10.0,
    "target_composition": {
      "Pb-208": 1.0
    },
    "target_mass_g": 4.0,
    "irradiation_time_s": 19640.14121220667
  },
  "results": {
    "total_reactions": 24510896232,
    "gold_atoms_produced": 53322,
    "energy_deposited_mev": 2022148939208.798
  },
  "simulation_info": {
    "name": "sweep_128",
    "timestamp": 1750391561.1962733,
    "duration_s": 4.6253204345703125e-05
  }
}