{
  "parameters": {
    "beam_energy_mev": 16.0,
    "beam_current_ua": 10.0,
    "target_composition": {
      "Pb-208": 0.8,
      "Bi-209": 0.15,
      "Tl-203": 0.05
    },
    "target_mass_g": 4.0,
    "irradiation_time_s": 360000.0
  },
  "results": {
    "total_reactions": 449279999999,
    "gold_atoms_produced": 25057189,
    "energy_deposited_mev": 53913599999999.99
  },
  "simulation_info": {
    "name": "sweep_780",
    "timestamp": 1750391564.0593255,
    "duration_s": 5.0067901611328125e-05
  }
}