{
  "parameters": {
    "beam_energy_mev": 18.0,
    "beam_current_ua": 10.0,
    "target_composition": {
      "Pb-208": 0.9,
      "Bi-209": 0.1
    },
    "target_mass_g": 4.0,
    "irradiation_time_s": 360000.0
  },
  "results": {
    "total_reactions": 449279999999,
    "gold_atoms_produced": 14320083,
    "energy_deposited_mev": 60652799999999.99
  },
  "simulation_info": {
    "name": "sweep_1000",
    "timestamp": 1750391564.9724288,
    "duration_s": 5.14984130859375e-05
  }
}