{
  "parameters": {
    "beam_energy_mev": 16.5,
    "beam_current_ua": 10.0,
    "target_composition": {
      "Pb-208": 0.8,
      "Bi-209": 0.15,
      "Tl-203": 0.05
    },
    "target_mass_g": 4.0,
    "irradiation_time_s": 282513.589326526
  },
  "results": {
    "total_reactions": 352576959479,
    "gold_atoms_produced": 13296795,
    "energy_deposited_mev": 43631398735588.664
  },
  "simulation_info": {
    "name": "sweep_839",
    "timestamp": 1750391564.2897422,
    "duration_s": 5.435943603515625e-05
  }
}