{
  "parameters": {
    "beam_energy_mev": 20.0,
    "beam_current_ua": 10.0,
    "target_composition": {
      "Pb-208": 0.9,
      "Bi-209": 0.1
    },
    "target_mass_g": 4.0,
    "irradiation_time_s": 136536.84686636098
  },
  "results": {
    "total_reactions": 170397984889,
    "gold_atoms_produced": 1068335,
    "energy_deposited_mev": 25559697733382.77
  },
  "simulation_info": {
    "name": "sweep_1236",
    "timestamp": 1750391566.074001,
    "duration_s": 4.100799560546875e-05
  }
}