{
  "parameters": {
    "beam_energy_mev": 11.0,
    "beam_current_ua": 10.0,
    "target_composition": {
      "Pb-208": 0.9,
      "Bi-209": 0.1
    },
    "target_mass_g": 4.0,
    "irradiation_time_s": 221705.35598376938
  },
  "results": {
    "total_reactions": 276688284267,
    "gold_atoms_produced": 6398819,
    "energy_deposited_mev": 22826783452088.89
  },
  "simulation_info": {
    "name": "sweep_158",
    "timestamp": 1750391561.2929168,
    "duration_s": 7.271766662597656e-05
  }
}