{
  "parameters": {
    "beam_energy_mev": 10.5,
    "beam_current_ua": 10.0,
    "target_composition": {
      "Pb-208": 0.9,
      "Bi-209": 0.1
    },
    "target_mass_g": 4.0,
    "irradiation_time_s": 4587.389948531281
  },
  "results": {
    "total_reactions": 5725062655,
    "gold_atoms_produced": 2161,
    "energy_deposited_mev": 450848684141.65424
  },
  "simulation_info": {
    "name": "sweep_082",
    "timestamp": 1750391561.0469675,
    "duration_s": 3.838539123535156e-05
  }
}