{
  "parameters": {
    "beam_energy_mev": 13.0,
    "beam_current_ua": 10.0,
    "target_composition": {
      "Pb-208": 0.9,
      "Bi-209": 0.1
    },
    "target_mass_g": 4.0,
    "irradiation_time_s": 107148.65189872745
  },
  "results": {
    "total_reactions": 133721517569,
    "gold_atoms_produced": 3604947,
    "energy_deposited_mev": 13037847963037.152
  },
  "simulation_info": {
    "name": "sweep_395",
    "timestamp": 1750391562.4710054,
    "duration_s": 5.7697296142578125e-05
  }
}