{
  "parameters": {
    "beam_energy_mev": 16.0,
    "beam_current_ua": 10.0,
    "target_composition": {
      "Pb-208": 0.9,
      "Bi-209": 0.1
    },
    "target_mass_g": 4.0,
    "irradiation_time_s": 12095.345830621614
  },
  "results": {
    "total_reactions": 15094991596,
    "gold_atoms_produced": 29317,
    "energy_deposited_mev": 1811398991593.8928
  },
  "simulation_info": {
    "name": "sweep_746",
    "timestamp": 1750391563.9440258,
    "duration_s": 5.507469177246094e-05
  }
}