{
  "parameters": {
    "beam_energy_mev": 12.5,
    "beam_current_ua": 10.0,
    "target_composition": {
      "Pb-208": 1.0
    },
    "target_mass_g": 4.0,
    "irradiation_time_s": 19640.14121220667
  },
  "results": {
    "total_reactions": 24510896232,
    "gold_atoms_produced": 109301,
    "energy_deposited_mev": 2297896521828.18
  },
  "simulation_info": {
    "name": "sweep_308",
    "timestamp": 1750391562.12485,
    "duration_s": 6.127357482910156e-05
  }
}