{
  "parameters": {
    "beam_energy_mev": 18.5,
    "beam_current_ua": 10.0,
    "target_composition": {
      "Pb-208": 1.0
    },
    "target_mass_g": 4.0,
    "irradiation_time_s": 7448.897092013243
  },
  "results": {
    "total_reactions": 9296223570,
    "gold_atoms_produced": 5687,
    "energy_deposited_mev": 1289851020453.013
  },
  "simulation_info": {
    "name": "sweep_1024",
    "timestamp": 1750391565.060306,
    "duration_s": 4.1484832763671875e-05
  }
}