{
  "parameters": {
    "beam_energy_mev": 14.0,
    "beam_current_ua": 10.0,
    "target_composition": {
      "Pb-208": 0.9,
      "Bi-209": 0.1
    },
    "target_mass_g": 4.0,
    "irradiation_time_s": 221705.35598376938
  },
  "results": {
    "total_reactions": 276688284267,
    "gold_atoms_produced": 15524040,
    "energy_deposited_mev": 29052269848113.137
  },
  "simulation_info": {
    "name": "sweep_518",
    "timestamp": 1750391563.0589721,
    "duration_s": 6.318092346191406e-05
  }
}