{
  "parameters": {
    "beam_energy_mev": 11.5,
    "beam_current_ua": 10.0,
    "target_composition": {
      "Pb-208": 0.8,
      "Bi-209": 0.15,
      "Tl-203": 0.05
    },
    "target_mass_g": 4.0,
    "irradiation_time_s": 9491.94323542929
  },
  "results": {
    "total_reactions": 11845945157,
    "gold_atoms_produced": 13752,
    "energy_deposited_mev": 1021712769861.6083
  },
  "simulation_info": {
    "name": "sweep_225",
    "timestamp": 1750391561.764808,
    "duration_s": 8.034706115722656e-05
  }
}