{
  "parameters": {
    "beam_energy_mev": 13.0,
    "beam_current_ua": 10.0,
    "target_composition": {
      "Pb-208": 0.9,
      "Bi-209": 0.1
    },
    "target_mass_g": 4.0,
    "irradiation_time_s": 173985.48858858307
  },
  "results": {
    "total_reactions": 217133889758,
    "gold_atoms_produced": 9504988,
    "energy_deposited_mev": 21170554251458.785
  },
  "simulation_info": {
    "name": "sweep_397",
    "timestamp": 1750391562.4767618,
    "duration_s": 6.127357482910156e-05
  }
}