{
  "parameters": {
    "beam_energy_mev": 10.0,
    "beam_current_ua": 10.0,
    "target_composition": {
      "Pb-208": 0.9,
      "Bi-209": 0.1
    },
    "target_mass_g": 4.0,
    "irradiation_time_s": 5845.596261079398
  },
  "results": {
    "total_reactions": 7295304133,
    "gold_atoms_produced": 2809,
    "energy_deposited_mev": 547147810037.03156
  },
  "simulation_info": {
    "name": "sweep_023",
    "timestamp": 1750391560.8221931,
    "duration_s": 4.458427429199219e-05
  }
}