{
  "parameters": {
    "beam_energy_mev": 18.0,
    "beam_current_ua": 10.0,
    "target_composition": {
      "Pb-208": 0.8,
      "Bi-209": 0.15,
      "Tl-203": 0.05
    },
    "target_mass_g": 4.0,
    "irradiation_time_s": 282513.589326526
  },
  "results": {
    "total_reactions": 352576959479,
    "gold_atoms_produced": 8737962,
    "energy_deposited_mev": 47597889529733.086
  },
  "simulation_info": {
    "name": "sweep_1019",
    "timestamp": 1750391565.0369313,
    "duration_s": 6.29425048828125e-05
  }
}