{
  "parameters": {
    "beam_energy_mev": 15.5,
    "beam_current_ua": 10.0,
    "target_composition": {
      "Pb-208": 0.8,
      "Bi-209": 0.15,
      "Tl-203": 0.05
    },
    "target_mass_g": 4.0,
    "irradiation_time_s": 19640.14121220667
  },
  "results": {
    "total_reactions": 24510896232,
    "gold_atoms_produced": 87404,
    "energy_deposited_mev": 2849391687066.9434
  },
  "simulation_info": {
    "name": "sweep_708",
    "timestamp": 1750391563.7986126,
    "duration_s": 0.00012946128845214844
  }
}