{
  "parameters": {
    "beam_energy_mev": 19.0,
    "beam_current_ua": 10.0,
    "target_composition": {
      "Pb-208": 1.0
    },
    "target_mass_g": 4.0,
    "irradiation_time_s": 19640.14121220667
  },
  "results": {
    "total_reactions": 24510896232,
    "gold_atoms_produced": 33718,
    "energy_deposited_mev": 3492802713178.834
  },
  "simulation_info": {
    "name": "sweep_1088",
    "timestamp": 1750391565.324023,
    "duration_s": 6.651878356933594e-05
  }
}