{
  "parameters": {
    "beam_energy_mev": 15.5,
    "beam_current_ua": 10.0,
    "target_composition": {
      "Pb-208": 0.8,
      "Bi-209": 0.15,
      "Tl-203": 0.05
    },
    "target_mass_g": 4.0,
    "irradiation_time_s": 12095.345830621614
  },
  "results": {
    "total_reactions": 15094991596,
    "gold_atoms_produced": 33149,
    "energy_deposited_mev": 1754792773106.5837
  },
  "simulation_info": {
    "name": "sweep_706",
    "timestamp": 1750391563.7914677,
    "duration_s": 4.744529724121094e-05
  }
}