{
  "parameters": {
    "beam_energy_mev": 12.0,
    "beam_current_ua": 10.0,
    "target_composition": {
      "Pb-208": 1.0
    },
    "target_mass_g": 4.0,
    "irradiation_time_s": 360000.0
  },
  "results": {
    "total_reactions": 449279999999,
    "gold_atoms_produced": 29380592,
    "energy_deposited_mev": 40435199999999.99
  },
  "simulation_info": {
    "name": "sweep_260",
    "timestamp": 1750391561.9275336,
    "duration_s": 6.0558319091796875e-05
  }
}