{
  "parameters": {
    "beam_energy_mev": 11.0,
    "beam_current_ua": 10.0,
    "target_composition": {
      "Pb-208": 0.8,
      "Bi-209": 0.15,
      "Tl-203": 0.05
    },
    "target_mass_g": 4.0,
    "irradiation_time_s": 360000.0
  },
  "results": {
    "total_reactions": 449279999999,
    "gold_atoms_produced": 15453739,
    "energy_deposited_mev": 37065599999999.99
  },
  "simulation_info": {
    "name": "sweep_180",
    "timestamp": 1750391561.395986,
    "duration_s": 6.270408630371094e-05
  }
}