{
  "parameters": {
    "beam_energy_mev": 10.0,
    "beam_current_ua": 10.0,
    "target_composition": {
      "Pb-208": 0.8,
      "Bi-209": 0.15,
      "Tl-203": 0.05
    },
    "target_mass_g": 4.0,
    "irradiation_time_s": 360000.0
  },
  "results": {
    "total_reactions": 449279999999,
    "gold_atoms_produced": 9770063,
    "energy_deposited_mev": 33695999999999.992
  },
  "simulation_info": {
    "name": "sweep_060",
    "timestamp": 1750391560.9716525,
    "duration_s": 5.2928924560546875e-05
  }
}