{
  "parameters": {
    "beam_energy_mev": 16.5,
    "beam_current_ua": 10.0,
    "target_composition": {
      "Pb-208": 1.0
    },
    "target_mass_g": 4.0,
    "irradiation_time_s": 360000.0
  },
  "results": {
    "total_reactions": 449279999999,
    "gold_atoms_produced": 23826557,
    "energy_deposited_mev": 55598399999999.99
  },
  "simulation_info": {
    "name": "sweep_800",
    "timestamp": 1750391564.1400425,
    "duration_s": 5.626678466796875e-05
  }
}