{
  "parameters": {
    "beam_energy_mev": 15.0,
    "beam_current_ua": 10.0,
    "target_composition": {
      "Pb-208": 1.0
    },
    "target_mass_g": 4.0,
    "irradiation_time_s": 19640.14121220667
  },
  "results": {
    "total_reactions": 24510896232,
    "gold_atoms_produced": 115152,
    "energy_deposited_mev": 2757475826193.8154
  },
  "simulation_info": {
    "name": "sweep_608",
    "timestamp": 1750391563.4210854,
    "duration_s": 4.482269287109375e-05
  }
}