{
  "parameters": {
    "beam_energy_mev": 18.0,
    "beam_current_ua": 10.0,
    "target_composition": {
      "Pb-208": 0.8,
      "Bi-209": 0.15,
      "Tl-203": 0.05
    },
    "target_mass_g": 4.0,
    "irradiation_time_s": 84085.97288724437
  },
  "results": {
    "total_reactions": 104939294163,
    "gold_atoms_produced": 774067,
    "energy_deposited_mev": 14166804712042.928
  },
  "simulation_info": {
    "name": "sweep_1014",
    "timestamp": 1750391565.020081,
    "duration_s": 6.29425048828125e-05
  }
}