{
  "parameters": {
    "beam_energy_mev": 11.5,
    "beam_current_ua": 10.0,
    "target_composition": {
      "Pb-208": 0.8,
      "Bi-209": 0.15,
      "Tl-203": 0.05
    },
    "target_mass_g": 4.0,
    "irradiation_time_s": 31891.20445476297
  },
  "results": {
    "total_reactions": 39800223159,
    "gold_atoms_produced": 155241,
    "energy_deposited_mev": 3432769247510.685
  },
  "simulation_info": {
    "name": "sweep_230",
    "timestamp": 1750391561.7874124,
    "duration_s": 0.00010275840759277344
  }
}