{
  "parameters": {
    "beam_energy_mev": 12.0,
    "beam_current_ua": 10.0,
    "target_composition": {
      "Pb-208": 0.9,
      "Bi-209": 0.1
    },
    "target_mass_g": 4.0,
    "irradiation_time_s": 25026.94066239218
  },
  "results": {
    "total_reactions": 31233621946,
    "gold_atoms_produced": 133580,
    "energy_deposited_mev": 2811025975199.889
  },
  "simulation_info": {
    "name": "sweep_269",
    "timestamp": 1750391561.9594684,
    "duration_s": 6.198883056640625e-05
  }
}