{
  "parameters": {
    "beam_energy_mev": 16.5,
    "beam_current_ua": 10.0,
    "target_composition": {
      "Pb-208": 0.9,
      "Bi-209": 0.1
    },
    "target_mass_g": 4.0,
    "irradiation_time_s": 31891.20445476297
  },
  "results": {
    "total_reactions": 39800223159,
    "gold_atoms_produced": 174426,
    "energy_deposited_mev": 4925277615993.592
  },
  "simulation_info": {
    "name": "sweep_810",
    "timestamp": 1750391564.1794293,
    "duration_s": 7.796287536621094e-05
  }
}