{
  "parameters": {
    "beam_energy_mev": 10.5,
    "beam_current_ua": 10.0,
    "target_composition": {
      "Pb-208": 0.8,
      "Bi-209": 0.15,
      "Tl-203": 0.05
    },
    "target_mass_g": 4.0,
    "irradiation_time_s": 40638.164100648806
  },
  "results": {
    "total_reactions": 50716428797,
    "gold_atoms_produced": 155440,
    "energy_deposited_mev": 3993918767811.7646
  },
  "simulation_info": {
    "name": "sweep_111",
    "timestamp": 1750391561.1315973,
    "duration_s": 8.130073547363281e-05
  }
}