{
  "parameters": {
    "beam_energy_mev": 11.5,
    "beam_current_ua": 10.0,
    "target_composition": {
      "Pb-208": 1.0
    },
    "target_mass_g": 4.0,
    "irradiation_time_s": 107148.65189872745
  },
  "results": {
    "total_reactions": 133721517569,
    "gold_atoms_produced": 2033686,
    "energy_deposited_mev": 11533480890379.02
  },
  "simulation_info": {
    "name": "sweep_195",
    "timestamp": 1750391561.4682777,
    "duration_s": 8.988380432128906e-05
  }
}