{
  "parameters": {
    "beam_energy_mev": 15.5,
    "beam_current_ua": 10.0,
    "target_composition": {
      "Pb-208": 0.9,
      "Bi-209": 0.1
    },
    "target_mass_g": 4.0,
    "irradiation_time_s": 5845.596261079398
  },
  "results": {
    "total_reactions": 7295304133,
    "gold_atoms_produced": 8081,
    "energy_deposited_mev": 848079105557.3989
  },
  "simulation_info": {
    "name": "sweep_683",
    "timestamp": 1750391563.7059255,
    "duration_s": 6.604194641113281e-05
  }
}