{
  "parameters": {
    "beam_energy_mev": 11.0,
    "beam_current_ua": 10.0,
    "target_composition": {
      "Pb-208": 1.0
    },
    "target_mass_g": 4.0,
    "irradiation_time_s": 360000.0
  },
  "results": {
    "total_reactions": 449279999999,
    "gold_atoms_produced": 17915344,
    "energy_deposited_mev": 37065599999999.99
  },
  "simulation_info": {
    "name": "sweep_140",
    "timestamp": 1750391561.233618,
    "duration_s": 5.125999450683594e-05
  }
}