{
  "parameters": {
    "beam_energy_mev": 20.0,
    "beam_current_ua": 10.0,
    "target_composition": {
      "Pb-208": 1.0
    },
    "target_mass_g": 4.0,
    "irradiation_time_s": 31891.20445476297
  },
  "results": {
    "total_reactions": 39800223159,
    "gold_atoms_produced": 62896,
    "energy_deposited_mev": 5970033473931.627
  },
  "simulation_info": {
    "name": "sweep_1210",
    "timestamp": 1750391565.8324056,
    "duration_s": 9.965896606445312e-05
  }
}