{
  "parameters": {
    "beam_energy_mev": 12.0,
    "beam_current_ua": 10.0,
    "target_composition": {
      "Pb-208": 0.9,
      "Bi-209": 0.1
    },
    "target_mass_g": 4.0,
    "irradiation_time_s": 4587.389948531281
  },
  "results": {
    "total_reactions": 5725062655,
    "gold_atoms_produced": 4488,
    "energy_deposited_mev": 515255639019.03345
  },
  "simulation_info": {
    "name": "sweep_262",
    "timestamp": 1750391561.936195,
    "duration_s": 9.560585021972656e-05
  }
}