{
  "parameters": {
    "beam_energy_mev": 15.5,
    "beam_current_ua": 10.0,
    "target_composition": {
      "Pb-208": 1.0
    },
    "target_mass_g": 4.0,
    "irradiation_time_s": 31891.20445476297
  },
  "results": {
    "total_reactions": 39800223159,
    "gold_atoms_produced": 256307,
    "energy_deposited_mev": 4626775942297.011
  },
  "simulation_info": {
    "name": "sweep_670",
    "timestamp": 1750391563.6491551,
    "duration_s": 0.00010967254638671875
  }
}