{
  "parameters": {
    "beam_energy_mev": 10.0,
    "beam_current_ua": 10.0,
    "target_composition": {
      "Pb-208": 0.8,
      "Bi-209": 0.15,
      "Tl-203": 0.05
    },
    "target_mass_g": 4.0,
    "irradiation_time_s": 19640.14121220667
  },
  "results": {
    "total_reactions": 24510896232,
    "gold_atoms_produced": 29079,
    "energy_deposited_mev": 1838317217462.5435
  },
  "simulation_info": {
    "name": "sweep_048",
    "timestamp": 1750391560.9228046,
    "duration_s": 7.748603820800781e-05
  }
}