{
  "parameters": {
    "beam_energy_mev": 15.0,
    "beam_current_ua": 10.0,
    "target_composition": {
      "Pb-208": 0.9,
      "Bi-209": 0.1
    },
    "target_mass_g": 4.0,
    "irradiation_time_s": 5845.596261079398
  },
  "results": {
    "total_reactions": 7295304133,
    "gold_atoms_produced": 9593,
    "energy_deposited_mev": 820721715055.5472
  },
  "simulation_info": {
    "name": "sweep_623",
    "timestamp": 1750391563.4705946,
    "duration_s": 4.172325134277344e-05
  }
}