{
  "parameters": {
    "beam_energy_mev": 19.5,
    "beam_current_ua": 10.0,
    "target_composition": {
      "Pb-208": 1.0
    },
    "target_mass_g": 4.0,
    "irradiation_time_s": 84085.97288724437
  },
  "results": {
    "total_reactions": 104939294163,
    "gold_atoms_produced": 522226,
    "energy_deposited_mev": 15347371771379.836
  },
  "simulation_info": {
    "name": "sweep_1154",
    "timestamp": 1750391565.5735343,
    "duration_s": 4.5299530029296875e-05
  }
}