{
  "parameters": {
    "beam_energy_mev": 12.5,
    "beam_current_ua": 10.0,
    "target_composition": {
      "Pb-208": 0.8,
      "Bi-209": 0.15,
      "Tl-203": 0.05
    },
    "target_mass_g": 4.0,
    "irradiation_time_s": 107148.65189872745
  },
  "results": {
    "total_reactions": 133721517569,
    "gold_atoms_produced": 2802059,
    "energy_deposited_mev": 12536392272151.107
  },
  "simulation_info": {
    "name": "sweep_355",
    "timestamp": 1750391562.3051083,
    "duration_s": 6.532669067382812e-05
  }
}