{
  "parameters": {
    "beam_energy_mev": 11.5,
    "beam_current_ua": 10.0,
    "target_composition": {
      "Pb-208": 1.0
    },
    "target_mass_g": 4.0,
    "irradiation_time_s": 4587.389948531281
  },
  "results": {
    "total_reactions": 5725062655,
    "gold_atoms_produced": 3727,
    "energy_deposited_mev": 493786654059.9071
  },
  "simulation_info": {
    "name": "sweep_182",
    "timestamp": 1750391561.4180408,
    "duration_s": 9.393692016601562e-05
  }
}