{
  "parameters": {
    "beam_energy_mev": 18.5,
    "beam_current_ua": 10.0,
    "target_composition": {
      "Pb-208": 0.9,
      "Bi-209": 0.1
    },
    "target_mass_g": 4.0,
    "irradiation_time_s": 19640.14121220667
  },
  "results": {
    "total_reactions": 24510896232,
    "gold_atoms_produced": 36613,
    "energy_deposited_mev": 3400886852305.706
  },
  "simulation_info": {
    "name": "sweep_1048",
    "timestamp": 1750391565.1606011,
    "duration_s": 6.151199340820312e-05
  }
}