{
  "parameters": {
    "beam_energy_mev": 15.5,
    "beam_current_ua": 10.0,
    "target_composition": {
      "Pb-208": 0.9,
      "Bi-209": 0.1
    },
    "target_mass_g": 4.0,
    "irradiation_time_s": 173985.48858858307
  },
  "results": {
    "total_reactions": 217133889758,
    "gold_atoms_produced": 7158837,
    "energy_deposited_mev": 25241814684431.63
  },
  "simulation_info": {
    "name": "sweep_697",
    "timestamp": 1750391563.7608535,
    "duration_s": 6.031990051269531e-05
  }
}