{
  "parameters": {
    "beam_energy_mev": 15.5,
    "beam_current_ua": 10.0,
    "target_composition": {
      "Pb-208": 0.8,
      "Bi-209": 0.15,
      "Tl-203": 0.05
    },
    "target_mass_g": 4.0,
    "irradiation_time_s": 31891.20445476297
  },
  "results": {
    "total_reactions": 39800223159,
    "gold_atoms_produced": 230454,
    "energy_deposited_mev": 4626775942297.011
  },
  "simulation_info": {
    "name": "sweep_710",
    "timestamp": 1750391563.8072693,
    "duration_s": 9.202957153320312e-05
  }
}