{
  "parameters": {
    "beam_energy_mev": 17.0,
    "beam_current_ua": 10.0,
    "target_composition": {
      "Pb-208": 0.9,
      "Bi-209": 0.1
    },
    "target_mass_g": 4.0,
    "irradiation_time_s": 9491.94323542929
  },
  "results": {
    "total_reactions": 11845945157,
    "gold_atoms_produced": 13328,
    "energy_deposited_mev": 1510358007621.5083
  },
  "simulation_info": {
    "name": "sweep_865",
    "timestamp": 1750391564.4371002,
    "duration_s": 8.535385131835938e-05
  }
}