{
  "parameters": {
    "beam_energy_mev": 11.5,
    "beam_current_ua": 10.0,
    "target_composition": {
      "Pb-208": 1.0
    },
    "target_mass_g": 4.0,
    "irradiation_time_s": 84085.97288724437
  },
  "results": {
    "total_reactions": 104939294163,
    "gold_atoms_produced": 1252442,
    "energy_deposited_mev": 9051014121582.982
  },
  "simulation_info": {
    "name": "sweep_194",
    "timestamp": 1750391561.463329,
    "duration_s": 5.984306335449219e-05
  }
}