{
  "parameters": {
    "beam_energy_mev": 12.5,
    "beam_current_ua": 10.0,
    "target_composition": {
      "Pb-208": 0.8,
      "Bi-209": 0.15,
      "Tl-203": 0.05
    },
    "target_mass_g": 4.0,
    "irradiation_time_s": 221705.35598376938
  },
  "results": {
    "total_reactions": 276688284267,
    "gold_atoms_produced": 11996546,
    "energy_deposited_mev": 25939526650101.01
  },
  "simulation_info": {
    "name": "sweep_358",
    "timestamp": 1750391562.3177655,
    "duration_s": 0.0002570152282714844
  }
}