{
  "parameters": {
    "beam_energy_mev": 18.0,
    "beam_current_ua": 10.0,
    "target_composition": {
      "Pb-208": 0.9,
      "Bi-209": 0.1
    },
    "target_mass_g": 4.0,
    "irradiation_time_s": 4587.389948531281
  },
  "results": {
    "total_reactions": 5725062655,
    "gold_atoms_produced": 2325,
    "energy_deposited_mev": 772883458528.55
  },
  "simulation_info": {
    "name": "sweep_982",
    "timestamp": 1750391564.9099317,
    "duration_s": 5.245208740234375e-05
  }
}