{
  "parameters": {
    "beam_energy_mev": 18.0,
    "beam_current_ua": 10.0,
    "target_composition": {
      "Pb-208": 0.9,
      "Bi-209": 0.1
    },
    "target_mass_g": 4.0,
    "irradiation_time_s": 12095.345830621614
  },
  "results": {
    "total_reactions": 15094991596,
    "gold_atoms_produced": 16165,
    "energy_deposited_mev": 2037823865543.1292
  },
  "simulation_info": {
    "name": "sweep_986",
    "timestamp": 1750391564.9257088,
    "duration_s": 5.650520324707031e-05
  }
}