{
  "parameters": {
    "beam_energy_mev": 10.0,
    "beam_current_ua": 10.0,
    "target_composition": {
      "Pb-208": 0.8,
      "Bi-209": 0.15,
      "Tl-203": 0.05
    },
    "target_mass_g": 4.0,
    "irradiation_time_s": 282513.589326526
  },
  "results": {
    "total_reactions": 352576959479,
    "gold_atoms_produced": 6016876,
    "energy_deposited_mev": 26443271960962.83
  },
  "simulation_info": {
    "name": "sweep_059",
    "timestamp": 1750391560.9678118,
    "duration_s": 8.916854858398438e-05
  }
}