{
  "parameters": {
    "beam_energy_mev": 19.5,
    "beam_current_ua": 10.0,
    "target_composition": {
      "Pb-208": 0.9,
      "Bi-209": 0.1
    },
    "target_mass_g": 4.0,
    "irradiation_time_s": 40638.164100648806
  },
  "results": {
    "total_reactions": 50716428797,
    "gold_atoms_produced": 112942,
    "energy_deposited_mev": 7417277711650.419
  },
  "simulation_info": {
    "name": "sweep_1171",
    "timestamp": 1750391565.6443539,
    "duration_s": 6.556510925292969e-05
  }
}