{
  "parameters": {
    "beam_energy_mev": 16.0,
    "beam_current_ua": 10.0,
    "target_composition": {
      "Pb-208": 0.9,
      "Bi-209": 0.1
    },
    "target_mass_g": 4.0,
    "irradiation_time_s": 107148.65189872745
  },
  "results": {
    "total_reactions": 133721517569,
    "gold_atoms_produced": 2300731,
    "energy_deposited_mev": 16046582108353.42
  },
  "simulation_info": {
    "name": "sweep_755",
    "timestamp": 1750391563.976064,
    "duration_s": 4.3392181396484375e-05
  }
}