{
  "parameters": {
    "beam_energy_mev": 18.5,
    "beam_current_ua": 10.0,
    "target_composition": {
      "Pb-208": 1.0
    },
    "target_mass_g": 4.0,
    "irradiation_time_s": 15412.796635389815
  },
  "results": {
    "total_reactions": 19235170200,
    "gold_atoms_produced": 24349,
    "energy_deposited_mev": 2668879865384.1
  },
  "simulation_info": {
    "name": "sweep_1027",
    "timestamp": 1750391565.071067,
    "duration_s": 6.914138793945312e-05
  }
}