{
  "parameters": {
    "beam_energy_mev": 11.5,
    "beam_current_ua": 10.0,
    "target_composition": {
      "Pb-208": 0.8,
      "Bi-209": 0.15,
      "Tl-203": 0.05
    },
    "target_mass_g": 4.0,
    "irradiation_time_s": 65987.30558996768
  },
  "results": {
    "total_reactions": 82352157376,
    "gold_atoms_produced": 664642,
    "energy_deposited_mev": 7102873573704.12
  },
  "simulation_info": {
    "name": "sweep_233",
    "timestamp": 1750391561.800881,
    "duration_s": 0.00010585784912109375
  }
}