{
  "parameters": {
    "beam_energy_mev": 12.0,
    "beam_current_ua": 10.0,
    "target_composition": {
      "Pb-208": 1.0
    },
    "target_mass_g": 4.0,
    "irradiation_time_s": 51784.19597835586
  },
  "results": {
    "total_reactions": 64626676580,
    "gold_atoms_produced": 607925,
    "energy_deposited_mev": 5816400892288.93
  },
  "simulation_info": {
    "name": "sweep_252",
    "timestamp": 1750391561.8941984,
    "duration_s": 6.127357482910156e-05
  }
}