{
  "parameters": {
    "beam_energy_mev": 10.0,
    "beam_current_ua": 10.0,
    "target_composition": {
      "Pb-208": 1.0
    },
    "target_mass_g": 4.0,
    "irradiation_time_s": 40638.164100648806
  },
  "results": {
    "total_reactions": 50716428797,
    "gold_atoms_produced": 144012,
    "energy_deposited_mev": 3803732159820.7275
  },
  "simulation_info": {
    "name": "sweep_011",
    "timestamp": 1750391560.7728837,
    "duration_s": 5.340576171875e-05
  }
}