{
  "parameters": {
    "beam_energy_mev": 19.5,
    "beam_current_ua": 10.0,
    "target_composition": {
      "Pb-208": 0.9,
      "Bi-209": 0.1
    },
    "target_mass_g": 4.0,
    "irradiation_time_s": 15412.796635389815
  },
  "results": {
    "total_reactions": 19235170200,
    "gold_atoms_produced": 16246,
    "energy_deposited_mev": 2813143641891.3486
  },
  "simulation_info": {
    "name": "sweep_1167",
    "timestamp": 1750391565.6280844,
    "duration_s": 7.700920104980469e-05
  }
}