{
  "parameters": {
    "beam_energy_mev": 19.0,
    "beam_current_ua": 10.0,
    "target_composition": {
      "Pb-208": 1.0
    },
    "target_mass_g": 4.0,
    "irradiation_time_s": 31891.20445476297
  },
  "results": {
    "total_reactions": 39800223159,
    "gold_atoms_produced": 88904,
    "energy_deposited_mev": 5671531800235.045
  },
  "simulation_info": {
    "name": "sweep_1090",
    "timestamp": 1750391565.3342507,
    "duration_s": 8.749961853027344e-05
  }
}