{
  "parameters": {
    "beam_energy_mev": 11.0,
    "beam_current_ua": 10.0,
    "target_composition": {
      "Pb-208": 0.8,
      "Bi-209": 0.15,
      "Tl-203": 0.05
    },
    "target_mass_g": 4.0,
    "irradiation_time_s": 107148.65189872745
  },
  "results": {
    "total_reactions": 133721517569,
    "gold_atoms_produced": 1368995,
    "energy_deposited_mev": 11032025199492.975
  },
  "simulation_info": {
    "name": "sweep_175",
    "timestamp": 1750391561.3760045,
    "duration_s": 6.246566772460938e-05
  }
}