{
  "parameters": {
    "beam_energy_mev": 11.0,
    "beam_current_ua": 10.0,
    "target_composition": {
      "Pb-208": 0.9,
      "Bi-209": 0.1
    },
    "target_mass_g": 4.0,
    "irradiation_time_s": 136536.84686636098
  },
  "results": {
    "total_reactions": 170397984889,
    "gold_atoms_produced": 2426873,
    "energy_deposited_mev": 14057833753360.523
  },
  "simulation_info": {
    "name": "sweep_156",
    "timestamp": 1750391561.286472,
    "duration_s": 4.220008850097656e-05
  }
}