{
  "parameters": {
    "beam_energy_mev": 17.0,
    "beam_current_ua": 10.0,
    "target_composition": {
      "Pb-208": 0.8,
      "Bi-209": 0.15,
      "Tl-203": 0.05
    },
    "target_mass_g": 4.0,
    "irradiation_time_s": 107148.65189872745
  },
  "results": {
    "total_reactions": 133721517569,
    "gold_atoms_produced": 1660908,
    "energy_deposited_mev": 17049493490125.508
  },
  "simulation_info": {
    "name": "sweep_895",
    "timestamp": 1750391564.5376515,
    "duration_s": 8.821487426757812e-05
  }
}