{
  "parameters": {
    "beam_energy_mev": 19.5,
    "beam_current_ua": 10.0,
    "target_composition": {
      "Pb-208": 1.0
    },
    "target_mass_g": 4.0,
    "irradiation_time_s": 19640.14121220667
  },
  "results": {
    "total_reactions": 24510896232,
    "gold_atoms_produced": 28490,
    "energy_deposited_mev": 3584718574051.96
  },
  "simulation_info": {
    "name": "sweep_1148",
    "timestamp": 1750391565.5544991,
    "duration_s": 6.127357482910156e-05
  }
}