{
  "parameters": {
    "beam_energy_mev": 19.0,
    "beam_current_ua": 10.0,
    "target_composition": {
      "Pb-208": 0.8,
      "Bi-209": 0.15,
      "Tl-203": 0.05
    },
    "target_mass_g": 4.0,
    "irradiation_time_s": 19640.14121220667
  },
  "results": {
    "total_reactions": 24510896232,
    "gold_atoms_produced": 31344,
    "energy_deposited_mev": 3492802713178.834
  },
  "simulation_info": {
    "name": "sweep_1128",
    "timestamp": 1750391565.477196,
    "duration_s": 5.555152893066406e-05
  }
}