{
  "parameters": {
    "beam_energy_mev": 14.0,
    "beam_current_ua": 10.0,
    "target_composition": {
      "Pb-208": 1.0
    },
    "target_mass_g": 4.0,
    "irradiation_time_s": 173985.48858858307
  },
  "results": {
    "total_reactions": 217133889758,
    "gold_atoms_produced": 10088799,
    "energy_deposited_mev": 22799058424647.92
  },
  "simulation_info": {
    "name": "sweep_497",
    "timestamp": 1750391562.9537206,
    "duration_s": 6.890296936035156e-05
  }
}