{
  "parameters": {
    "beam_energy_mev": 10.5,
    "beam_current_ua": 10.0,
    "target_composition": {
      "Pb-208": 0.8,
      "Bi-209": 0.15,
      "Tl-203": 0.05
    },
    "target_mass_g": 4.0,
    "irradiation_time_s": 9491.94323542929
  },
  "results": {
    "total_reactions": 11845945157,
    "gold_atoms_produced": 8480,
    "energy_deposited_mev": 932868181177.9904
  },
  "simulation_info": {
    "name": "sweep_105",
    "timestamp": 1750391561.1133387,
    "duration_s": 4.482269287109375e-05
  }
}