{
  "parameters": {
    "beam_energy_mev": 11.5,
    "beam_current_ua": 10.0,
    "target_composition": {
      "Pb-208": 0.9,
      "Bi-209": 0.1
    },
    "target_mass_g": 4.0,
    "irradiation_time_s": 40638.164100648806
  },
  "results": {
    "total_reactions": 50716428797,
    "gold_atoms_produced": 275315,
    "energy_deposited_mev": 4374291983793.836
  },
  "simulation_info": {
    "name": "sweep_211",
    "timestamp": 1750391561.696334,
    "duration_s": 0.0001747608184814453
  }
}