{
  "parameters": {
    "beam_energy_mev": 10.0,
    "beam_current_ua": 10.0,
    "target_composition": {
      "Pb-208": 0.9,
      "Bi-209": 0.1
    },
    "target_mass_g": 4.0,
    "irradiation_time_s": 4587.389948531281
  },
  "results": {
    "total_reactions": 5725062655,
    "gold_atoms_produced": 1730,
    "energy_deposited_mev": 429379699182.5279
  },
  "simulation_info": {
    "name": "sweep_022",
    "timestamp": 1750391560.8191917,
    "duration_s": 6.0558319091796875e-05
  }
}