{
  "parameters": {
    "beam_energy_mev": 13.5,
    "beam_current_ua": 10.0,
    "target_composition": {
      "Pb-208": 0.8,
      "Bi-209": 0.15,
      "Tl-203": 0.05
    },
    "target_mass_g": 4.0,
    "irradiation_time_s": 9491.94323542929
  },
  "results": {
    "total_reactions": 11845945157,
    "gold_atoms_produced": 28425,
    "energy_deposited_mev": 1199401947228.845
  },
  "simulation_info": {
    "name": "sweep_465",
    "timestamp": 1750391562.816978,
    "duration_s": 0.00012087821960449219
  }
}