{
  "parameters": {
    "beam_energy_mev": 10.0,
    "beam_current_ua": 10.0,
    "target_composition": {
      "Pb-208": 0.9,
      "Bi-209": 0.1
    },
    "target_mass_g": 4.0,
    "irradiation_time_s": 282513.589326526
  },
  "results": {
    "total_reactions": 352576959479,
    "gold_atoms_produced": 6563254,
    "energy_deposited_mev": 26443271960962.83
  },
  "simulation_info": {
    "name": "sweep_039",
    "timestamp": 1750391560.8871636,
    "duration_s": 6.29425048828125e-05
  }
}