{
  "parameters": {
    "beam_energy_mev": 10.0,
    "beam_current_ua": 10.0,
    "target_composition": {
      "Pb-208": 0.9,
      "Bi-209": 0.1
    },
    "target_mass_g": 4.0,
    "irradiation_time_s": 7448.897092013243
  },
  "results": {
    "total_reactions": 9296223570,
    "gold_atoms_produced": 4562,
    "energy_deposited_mev": 697216767812.4393
  },
  "simulation_info": {
    "name": "sweep_024",
    "timestamp": 1750391560.825383,
    "duration_s": 7.748603820800781e-05
  }
}