{
  "parameters": {
    "beam_energy_mev": 11.0,
    "beam_current_ua": 10.0,
    "target_composition": {
      "Pb-208": 0.8,
      "Bi-209": 0.15,
      "Tl-203": 0.05
    },
    "target_mass_g": 4.0,
    "irradiation_time_s": 282513.589326526
  },
  "results": {
    "total_reactions": 352576959479,
    "gold_atoms_produced": 9517157,
    "energy_deposited_mev": 29087599157059.11
  },
  "simulation_info": {
    "name": "sweep_179",
    "timestamp": 1750391561.39241,
    "duration_s": 5.364418029785156e-05
  }
}