{
  "parameters": {
    "beam_energy_mev": 15.0,
    "beam_current_ua": 10.0,
    "target_composition": {
      "Pb-208": 0.9,
      "Bi-209": 0.1
    },
    "target_mass_g": 4.0,
    "irradiation_time_s": 40638.164100648806
  },
  "results": {
    "total_reactions": 50716428797,
    "gold_atoms_produced": 463653,
    "energy_deposited_mev": 5705598239731.092
  },
  "simulation_info": {
    "name": "sweep_631",
    "timestamp": 1750391563.497546,
    "duration_s": 0.00014662742614746094
  }
}