{
  "parameters": {
    "beam_energy_mev": 20.0,
    "beam_current_ua": 10.0,
    "target_composition": {
      "Pb-208": 0.8,
      "Bi-209": 0.15,
      "Tl-203": 0.05
    },
    "target_mass_g": 4.0,
    "irradiation_time_s": 84085.97288724437
  },
  "results": {
    "total_reactions": 104939294163,
    "gold_atoms_produced": 412501,
    "energy_deposited_mev": 15740894124492.143
  },
  "simulation_info": {
    "name": "sweep_1254",
    "timestamp": 1750391566.1429327,
    "duration_s": 8.559226989746094e-05
  }
}