{
  "parameters": {
    "beam_energy_mev": 18.5,
    "beam_current_ua": 10.0,
    "target_composition": {
      "Pb-208": 1.0
    },
    "target_mass_g": 4.0,
    "irradiation_time_s": 282513.589326526
  },
  "results": {
    "total_reactions": 352576959479,
    "gold_atoms_produced": 8181123,
    "energy_deposited_mev": 48920053127781.23
  },
  "simulation_info": {
    "name": "sweep_1039",
    "timestamp": 1750391565.1222374,
    "duration_s": 7.987022399902344e-05
  }
}