{
  "parameters": {
    "beam_energy_mev": 12.0,
    "beam_current_ua": 10.0,
    "target_composition": {
      "Pb-208": 0.8,
      "Bi-209": 0.15,
      "Tl-203": 0.05
    },
    "target_mass_g": 4.0,
    "irradiation_time_s": 282513.589326526
  },
  "results": {
    "total_reactions": 352576959479,
    "gold_atoms_produced": 15581123,
    "energy_deposited_mev": 31731926353155.39
  },
  "simulation_info": {
    "name": "sweep_299",
    "timestamp": 1750391562.0767848,
    "duration_s": 7.653236389160156e-05
  }
}