{
  "parameters": {
    "beam_energy_mev": 15.5,
    "beam_current_ua": 10.0,
    "target_composition": {
      "Pb-208": 0.8,
      "Bi-209": 0.15,
      "Tl-203": 0.05
    },
    "target_mass_g": 4.0,
    "irradiation_time_s": 136536.84686636098
  },
  "results": {
    "total_reactions": 170397984889,
    "gold_atoms_produced": 4224185,
    "energy_deposited_mev": 19808765743371.65
  },
  "simulation_info": {
    "name": "sweep_716",
    "timestamp": 1750391563.833669,
    "duration_s": 8.58306884765625e-05
  }
}