{
  "parameters": {
    "beam_energy_mev": 18.0,
    "beam_current_ua": 10.0,
    "target_composition": {
      "Pb-208": 0.8,
      "Bi-209": 0.15,
      "Tl-203": 0.05
    },
    "target_mass_g": 4.0,
    "irradiation_time_s": 3600.0
  },
  "results": {
    "total_reactions": 4492799999,
    "gold_atoms_produced": 1418,
    "energy_deposited_mev": 606527999999.9999
  },
  "simulation_info": {
    "name": "sweep_1001",
    "timestamp": 1750391564.9753513,
    "duration_s": 4.887580871582031e-05
  }
}