{
  "parameters": {
    "beam_energy_mev": 13.0,
    "beam_current_ua": 10.0,
    "target_composition": {
      "Pb-208": 0.9,
      "Bi-209": 0.1
    },
    "target_mass_g": 4.0,
    "irradiation_time_s": 360000.0
  },
  "results": {
    "total_reactions": 449279999999,
    "gold_atoms_produced": 40694015,
    "energy_deposited_mev": 43804799999999.99
  },
  "simulation_info": {
    "name": "sweep_400",
    "timestamp": 1750391562.488326,
    "duration_s": 5.030632019042969e-05
  }
}