{
  "parameters": {
    "beam_energy_mev": 17.5,
    "beam_current_ua": 10.0,
    "target_composition": {
      "Pb-208": 0.8,
      "Bi-209": 0.15,
      "Tl-203": 0.05
    },
    "target_mass_g": 4.0,
    "irradiation_time_s": 136536.84686636098
  },
  "results": {
    "total_reactions": 170397984889,
    "gold_atoms_produced": 2348042,
    "energy_deposited_mev": 22364735516709.92
  },
  "simulation_info": {
    "name": "sweep_956",
    "timestamp": 1750391564.7865126,
    "duration_s": 8.153915405273438e-05
  }
}