{
  "parameters": {
    "beam_energy_mev": 11.5,
    "beam_current_ua": 10.0,
    "target_composition": {
      "Pb-208": 0.9,
      "Bi-209": 0.1
    },
    "target_mass_g": 4.0,
    "irradiation_time_s": 84085.97288724437
  },
  "results": {
    "total_reactions": 104939294163,
    "gold_atoms_produced": 1178715,
    "energy_deposited_mev": 9051014121582.982
  },
  "simulation_info": {
    "name": "sweep_214",
    "timestamp": 1750391561.7117546,
    "duration_s": 9.608268737792969e-05
  }
}