{
  "parameters": {
    "beam_energy_mev": 11.0,
    "beam_current_ua": 10.0,
    "target_composition": {
      "Pb-208": 1.0
    },
    "target_mass_g": 4.0,
    "irradiation_time_s": 31891.20445476297
  },
  "results": {
    "total_reactions": 39800223159,
    "gold_atoms_produced": 140592,
    "energy_deposited_mev": 3283518410662.395
  },
  "simulation_info": {
    "name": "sweep_130",
    "timestamp": 1750391561.2032702,
    "duration_s": 4.5299530029296875e-05
  }
}