{
  "parameters": {
    "beam_energy_mev": 11.0,
    "beam_current_ua": 10.0,
    "target_composition": {
      "Pb-208": 0.9,
      "Bi-209": 0.1
    },
    "target_mass_g": 4.0,
    "irradiation_time_s": 15412.796635389815
  },
  "results": {
    "total_reactions": 19235170200,
    "gold_atoms_produced": 30925,
    "energy_deposited_mev": 1586901541579.735
  },
  "simulation_info": {
    "name": "sweep_147",
    "timestamp": 1750391561.2569072,
    "duration_s": 4.076957702636719e-05
  }
}