{
  "parameters": {
    "beam_energy_mev": 12.0,
    "beam_current_ua": 10.0,
    "target_composition": {
      "Pb-208": 0.9,
      "Bi-209": 0.1
    },
    "target_mass_g": 4.0,
    "irradiation_time_s": 84085.97288724437
  },
  "results": {
    "total_reactions": 104939294163,
    "gold_atoms_produced": 1507911,
    "energy_deposited_mev": 9444536474695.287
  },
  "simulation_info": {
    "name": "sweep_274",
    "timestamp": 1750391561.9786036,
    "duration_s": 6.29425048828125e-05
  }
}