{
  "parameters": {
    "beam_energy_mev": 12.5,
    "beam_current_ua": 10.0,
    "target_composition": {
      "Pb-208": 0.9,
      "Bi-209": 0.1
    },
    "target_mass_g": 4.0,
    "irradiation_time_s": 31891.20445476297
  },
  "results": {
    "total_reactions": 39800223159,
    "gold_atoms_produced": 271152,
    "energy_deposited_mev": 3731270921207.267
  },
  "simulation_info": {
    "name": "sweep_330",
    "timestamp": 1750391562.2108185,
    "duration_s": 5.412101745605469e-05
  }
}