{
  "parameters": {
    "beam_energy_mev": 12.0,
    "beam_current_ua": 10.0,
    "target_composition": {
      "Pb-208": 0.8,
      "Bi-209": 0.15,
      "Tl-203": 0.05
    },
    "target_mass_g": 4.0,
    "irradiation_time_s": 84085.97288724437
  },
  "results": {
    "total_reactions": 104939294163,
    "gold_atoms_produced": 1380279,
    "energy_deposited_mev": 9444536474695.287
  },
  "simulation_info": {
    "name": "sweep_294",
    "timestamp": 1750391562.0566432,
    "duration_s": 7.319450378417969e-05
  }
}