{
  "parameters": {
    "beam_energy_mev": 16.5,
    "beam_current_ua": 10.0,
    "target_composition": {
      "Pb-208": 0.9,
      "Bi-209": 0.1
    },
    "target_mass_g": 4.0,
    "irradiation_time_s": 5845.596261079398
  },
  "results": {
    "total_reactions": 7295304133,
    "gold_atoms_produced": 5860,
    "energy_deposited_mev": 902793886561.1019
  },
  "simulation_info": {
    "name": "sweep_803",
    "timestamp": 1750391564.1521246,
    "duration_s": 8.797645568847656e-05
  }
}