{
  "parameters": {
    "beam_energy_mev": 16.5,
    "beam_current_ua": 10.0,
    "target_composition": {
      "Pb-208": 0.9,
      "Bi-209": 0.1
    },
    "target_mass_g": 4.0,
    "irradiation_time_s": 84085.97288724437
  },
  "results": {
    "total_reactions": 104939294163,
    "gold_atoms_produced": 1212597,
    "energy_deposited_mev": 12986237652706.02
  },
  "simulation_info": {
    "name": "sweep_814",
    "timestamp": 1750391564.1952248,
    "duration_s": 0.00012493133544921875
  }
}