{
  "parameters": {
    "beam_energy_mev": 13.0,
    "beam_current_ua": 10.0,
    "target_composition": {
      "Pb-208": 1.0
    },
    "target_mass_g": 4.0,
    "irradiation_time_s": 31891.20445476297
  },
  "results": {
    "total_reactions": 39800223159,
    "gold_atoms_produced": 339021,
    "energy_deposited_mev": 3880521758055.5576
  },
  "simulation_info": {
    "name": "sweep_370",
    "timestamp": 1750391562.3834474,
    "duration_s": 7.867813110351562e-05
  }
}