{
  "parameters": {
    "beam_energy_mev": 15.5,
    "beam_current_ua": 10.0,
    "target_composition": {
      "Pb-208": 0.8,
      "Bi-209": 0.15,
      "Tl-203": 0.05
    },
    "target_mass_g": 4.0,
    "irradiation_time_s": 221705.35598376938
  },
  "results": {
    "total_reactions": 276688284267,
    "gold_atoms_produced": 11137702,
    "energy_deposited_mev": 32165013046125.258
  },
  "simulation_info": {
    "name": "sweep_718",
    "timestamp": 1750391563.8407264,
    "duration_s": 6.818771362304688e-05
  }
}