{
  "parameters": {
    "beam_energy_mev": 14.5,
    "beam_current_ua": 10.0,
    "target_composition": {
      "Pb-208": 1.0
    },
    "target_mass_g": 4.0,
    "irradiation_time_s": 15412.796635389815
  },
  "results": {
    "total_reactions": 19235170200,
    "gold_atoms_produced": 83220,
    "energy_deposited_mev": 2091824759355.1055
  },
  "simulation_info": {
    "name": "sweep_547",
    "timestamp": 1750391563.192815,
    "duration_s": 7.867813110351562e-05
  }
}