{
  "parameters": {
    "beam_energy_mev": 15.0,
    "beam_current_ua": 10.0,
    "target_composition": {
      "Pb-208": 0.8,
      "Bi-209": 0.15,
      "Tl-203": 0.05
    },
    "target_mass_g": 4.0,
    "irradiation_time_s": 136536.84686636098
  },
  "results": {
    "total_reactions": 170397984889,
    "gold_atoms_produced": 4980441,
    "energy_deposited_mev": 19169773300037.08
  },
  "simulation_info": {
    "name": "sweep_656",
    "timestamp": 1750391563.5777419,
    "duration_s": 5.5789947509765625e-05
  }
}