{
  "parameters": {
    "beam_energy_mev": 14.0,
    "beam_current_ua": 10.0,
    "target_composition": {
      "Pb-208": 1.0
    },
    "target_mass_g": 4.0,
    "irradiation_time_s": 7448.897092013243
  },
  "results": {
    "total_reactions": 9296223570,
    "gold_atoms_produced": 18492,
    "energy_deposited_mev": 976103474937.4153
  },
  "simulation_info": {
    "name": "sweep_484",
    "timestamp": 1750391562.906155,
    "duration_s": 5.650520324707031e-05
  }
}