{
  "parameters": {
    "beam_energy_mev": 18.5,
    "beam_current_ua": 10.0,
    "target_composition": {
      "Pb-208": 0.8,
      "Bi-209": 0.15,
      "Tl-203": 0.05
    },
    "target_mass_g": 4.0,
    "irradiation_time_s": 19640.14121220667
  },
  "results": {
    "total_reactions": 24510896232,
    "gold_atoms_produced": 36519,
    "energy_deposited_mev": 3400886852305.706
  },
  "simulation_info": {
    "name": "sweep_1068",
    "timestamp": 1750391565.2417545,
    "duration_s": 4.792213439941406e-05
  }
}