{
  "parameters": {
    "beam_energy_mev": 16.5,
    "beam_current_ua": 10.0,
    "target_composition": {
      "Pb-208": 0.9,
      "Bi-209": 0.1
    },
    "target_mass_g": 4.0,
    "irradiation_time_s": 25026.94066239218
  },
  "results": {
    "total_reactions": 31233621946,
    "gold_atoms_produced": 107419,
    "energy_deposited_mev": 3865160715899.8477
  },
  "simulation_info": {
    "name": "sweep_809",
    "timestamp": 1750391564.1759994,
    "duration_s": 7.033348083496094e-05
  }
}