{
  "parameters": {
    "beam_energy_mev": 19.0,
    "beam_current_ua": 10.0,
    "target_composition": {
      "Pb-208": 0.8,
      "Bi-209": 0.15,
      "Tl-203": 0.05
    },
    "target_mass_g": 4.0,
    "irradiation_time_s": 4587.389948531281
  },
  "results": {
    "total_reactions": 5725062655,
    "gold_atoms_produced": 1710,
    "energy_deposited_mev": 815821428446.803
  },
  "simulation_info": {
    "name": "sweep_1122",
    "timestamp": 1750391565.4571455,
    "duration_s": 5.412101745605469e-05
  }
}