{
  "parameters": {
    "beam_energy_mev": 15.5,
    "beam_current_ua": 10.0,
    "target_composition": {
      "Pb-208": 0.8,
      "Bi-209": 0.15,
      "Tl-203": 0.05
    },
    "target_mass_g": 4.0,
    "irradiation_time_s": 5845.596261079398
  },
  "results": {
    "total_reactions": 7295304133,
    "gold_atoms_produced": 7742,
    "energy_deposited_mev": 848079105557.3989
  },
  "simulation_info": {
    "name": "sweep_703",
    "timestamp": 1750391563.7826974,
    "duration_s": 8.416175842285156e-05
  }
}