{
  "parameters": {
    "beam_energy_mev": 12.5,
    "beam_current_ua": 10.0,
    "target_composition": {
      "Pb-208": 0.9,
      "Bi-209": 0.1
    },
    "target_mass_g": 4.0,
    "irradiation_time_s": 136536.84686636098
  },
  "results": {
    "total_reactions": 170397984889,
    "gold_atoms_produced": 4970181,
    "energy_deposited_mev": 15974811083364.23
  },
  "simulation_info": {
    "name": "sweep_336",
    "timestamp": 1750391562.2307656,
    "duration_s": 9.560585021972656e-05
  }
}