{
  "parameters": {
    "beam_energy_mev": 10.5,
    "beam_current_ua": 10.0,
    "target_composition": {
      "Pb-208": 0.9,
      "Bi-209": 0.1
    },
    "target_mass_g": 4.0,
    "irradiation_time_s": 107148.65189872745
  },
  "results": {
    "total_reactions": 133721517569,
    "gold_atoms_produced": 1179228,
    "energy_deposited_mev": 10530569508606.932
  },
  "simulation_info": {
    "name": "sweep_095",
    "timestamp": 1750391561.0836227,
    "duration_s": 5.2928924560546875e-05
  }
}