{
  "parameters": {
    "beam_energy_mev": 17.5,
    "beam_current_ua": 10.0,
    "target_composition": {
      "Pb-208": 0.8,
      "Bi-209": 0.15,
      "Tl-203": 0.05
    },
    "target_mass_g": 4.0,
    "irradiation_time_s": 19640.14121220667
  },
  "results": {
    "total_reactions": 24510896232,
    "gold_atoms_produced": 48584,
    "energy_deposited_mev": 3217055130559.451
  },
  "simulation_info": {
    "name": "sweep_948",
    "timestamp": 1750391564.7557654,
    "duration_s": 5.8650970458984375e-05
  }
}