{
  "parameters": {
    "beam_energy_mev": 19.5,
    "beam_current_ua": 10.0,
    "target_composition": {
      "Pb-208": 1.0
    },
    "target_mass_g": 4.0,
    "irradiation_time_s": 5845.596261079398
  },
  "results": {
    "total_reactions": 7295304133,
    "gold_atoms_produced": 2523,
    "energy_deposited_mev": 1066938229572.2114
  },
  "simulation_info": {
    "name": "sweep_1143",
    "timestamp": 1750391565.5379212,
    "duration_s": 4.363059997558594e-05
  }
}