{
  "parameters": {
    "beam_energy_mev": 14.5,
    "beam_current_ua": 10.0,
    "target_composition": {
      "Pb-208": 0.8,
      "Bi-209": 0.15,
      "Tl-203": 0.05
    },
    "target_mass_g": 4.0,
    "irradiation_time_s": 19640.14121220667
  },
  "results": {
    "total_reactions": 24510896232,
    "gold_atoms_produced": 120237,
    "energy_deposited_mev": 2665559965320.6885
  },
  "simulation_info": {
    "name": "sweep_588",
    "timestamp": 1750391563.3466542,
    "duration_s": 9.250640869140625e-05
  }
}