{
  "parameters": {
    "beam_energy_mev": 13.0,
    "beam_current_ua": 10.0,
    "target_composition": {
      "Pb-208": 0.9,
      "Bi-209": 0.1
    },
    "target_mass_g": 4.0,
    "irradiation_time_s": 5845.596261079398
  },
  "results": {
    "total_reactions": 7295304133,
    "gold_atoms_produced": 10729,
    "energy_deposited_mev": 711292153048.141
  },
  "simulation_info": {
    "name": "sweep_383",
    "timestamp": 1750391562.4283304,
    "duration_s": 4.100799560546875e-05
  }
}