{
  "parameters": {
    "beam_energy_mev": 19.5,
    "beam_current_ua": 10.0,
    "target_composition": {
      "Pb-208": 0.9,
      "Bi-209": 0.1
    },
    "target_mass_g": 4.0,
    "irradiation_time_s": 25026.94066239218
  },
  "results": {
    "total_reactions": 31233621946,
    "gold_atoms_produced": 42835,
    "energy_deposited_mev": 4567917209699.819
  },
  "simulation_info": {
    "name": "sweep_1169",
    "timestamp": 1750391565.6376572,
    "duration_s": 7.104873657226562e-05
  }
}