{
  "parameters": {
    "beam_energy_mev": 13.5,
    "beam_current_ua": 10.0,
    "target_composition": {
      "Pb-208": 0.8,
      "Bi-209": 0.15,
      "Tl-203": 0.05
    },
    "target_mass_g": 4.0,
    "irradiation_time_s": 173985.48858858307
  },
  "results": {
    "total_reactions": 217133889758,
    "gold_atoms_produced": 9550326,
    "energy_deposited_mev": 21984806338053.355
  },
  "simulation_info": {
    "name": "sweep_477",
    "timestamp": 1750391562.8695745,
    "duration_s": 7.104873657226562e-05
  }
}