{
  "parameters": {
    "beam_energy_mev": 19.5,
    "beam_current_ua": 10.0,
    "target_composition": {
      "Pb-208": 0.8,
      "Bi-209": 0.15,
      "Tl-203": 0.05
    },
    "target_mass_g": 4.0,
    "irradiation_time_s": 173985.48858858307
  },
  "results": {
    "total_reactions": 217133889758,
    "gold_atoms_produced": 2093246,
    "energy_deposited_mev": 31755831377188.176
  },
  "simulation_info": {
    "name": "sweep_1197",
    "timestamp": 1750391565.7807028,
    "duration_s": 0.00017404556274414062
  }
}