{
  "parameters": {
    "beam_energy_mev": 19.5,
    "beam_current_ua": 10.0,
    "target_composition": {
      "Pb-208": 1.0
    },
    "target_mass_g": 4.0,
    "irradiation_time_s": 12095.345830621614
  },
  "results": {
    "total_reactions": 15094991596,
    "gold_atoms_produced": 10805,
    "energy_deposited_mev": 2207642521005.0566
  },
  "simulation_info": {
    "name": "sweep_1146",
    "timestamp": 1750391565.5482209,
    "duration_s": 9.822845458984375e-05
  }
}