{
  "parameters": {
    "beam_energy_mev": 17.0,
    "beam_current_ua": 10.0,
    "target_composition": {
      "Pb-208": 1.0
    },
    "target_mass_g": 4.0,
    "irradiation_time_s": 9491.94323542929
  },
  "results": {
    "total_reactions": 11845945157,
    "gold_atoms_produced": 14326,
    "energy_deposited_mev": 1510358007621.5083
  },
  "simulation_info": {
    "name": "sweep_845",
    "timestamp": 1750391564.3268247,
    "duration_s": 6.389617919921875e-05
  }
}