{
  "parameters": {
    "beam_energy_mev": 14.0,
    "beam_current_ua": 10.0,
    "target_composition": {
      "Pb-208": 0.8,
      "Bi-209": 0.15,
      "Tl-203": 0.05
    },
    "target_mass_g": 4.0,
    "irradiation_time_s": 282513.589326526
  },
  "results": {
    "total_reactions": 352576959479,
    "gold_atoms_produced": 23923522,
    "energy_deposited_mev": 37020580745347.96
  },
  "simulation_info": {
    "name": "sweep_539",
    "timestamp": 1750391563.1490047,
    "duration_s": 0.00010466575622558594
  }
}