{
  "parameters": {
    "beam_energy_mev": 17.5,
    "beam_current_ua": 10.0,
    "target_composition": {
      "Pb-208": 0.8,
      "Bi-209": 0.15,
      "Tl-203": 0.05
    },
    "target_mass_g": 4.0,
    "irradiation_time_s": 7448.897092013243
  },
  "results": {
    "total_reactions": 9296223570,
    "gold_atoms_produced": 6988,
    "energy_deposited_mev": 1220129343671.769
  },
  "simulation_info": {
    "name": "sweep_944",
    "timestamp": 1750391564.741497,
    "duration_s": 7.486343383789062e-05
  }
}