{
  "parameters": {
    "beam_energy_mev": 13.0,
    "beam_current_ua": 10.0,
    "target_composition": {
      "Pb-208": 0.9,
      "Bi-209": 0.1
    },
    "target_mass_g": 4.0,
    "irradiation_time_s": 25026.94066239218
  },
  "results": {
    "total_reactions": 31233621946,
    "gold_atoms_produced": 196671,
    "energy_deposited_mev": 3045278139799.8794
  },
  "simulation_info": {
    "name": "sweep_389",
    "timestamp": 1750391562.4499288,
    "duration_s": 0.00011110305786132812
  }
}