{
  "parameters": {
    "beam_energy_mev": 13.0,
    "beam_current_ua": 10.0,
    "target_composition": {
      "Pb-208": 1.0
    },
    "target_mass_g": 4.0,
    "irradiation_time_s": 7448.897092013243
  },
  "results": {
    "total_reactions": 9296223570,
    "gold_atoms_produced": 18495,
    "energy_deposited_mev": 906381798156.1713
  },
  "simulation_info": {
    "name": "sweep_364",
    "timestamp": 1750391562.3575616,
    "duration_s": 5.221366882324219e-05
  }
}