{
  "parameters": {
    "beam_energy_mev": 10.5,
    "beam_current_ua": 10.0,
    "target_composition": {
      "Pb-208": 1.0
    },
    "target_mass_g": 4.0,
    "irradiation_time_s": 51784.19597835586
  },
  "results": {
    "total_reactions": 64626676580,
    "gold_atoms_produced": 292276,
    "energy_deposited_mev": 5089350780752.8125
  },
  "simulation_info": {
    "name": "sweep_072",
    "timestamp": 1750391561.0088935,
    "duration_s": 3.123283386230469e-05
  }
}