{
  "parameters": {
    "beam_energy_mev": 11.0,
    "beam_current_ua": 10.0,
    "target_composition": {
      "Pb-208": 0.9,
      "Bi-209": 0.1
    },
    "target_mass_g": 4.0,
    "irradiation_time_s": 107148.65189872745
  },
  "results": {
    "total_reactions": 133721517569,
    "gold_atoms_produced": 1494585,
    "energy_deposited_mev": 11032025199492.975
  },
  "simulation_info": {
    "name": "sweep_155",
    "timestamp": 1750391561.2831757,
    "duration_s": 7.82012939453125e-05
  }
}