{
  "parameters": {
    "beam_energy_mev": 17.5,
    "beam_current_ua": 10.0,
    "target_composition": {
      "Pb-208": 1.0
    },
    "target_mass_g": 4.0,
    "irradiation_time_s": 12095.345830621614
  },
  "results": {
    "total_reactions": 15094991596,
    "gold_atoms_produced": 20165,
    "energy_deposited_mev": 1981217647055.82
  },
  "simulation_info": {
    "name": "sweep_906",
    "timestamp": 1750391564.575436,
    "duration_s": 6.532669067382812e-05
  }
}