{
  "parameters": {
    "beam_energy_mev": 11.5,
    "beam_current_ua": 10.0,
    "target_composition": {
      "Pb-208": 1.0
    },
    "target_mass_g": 4.0,
    "irradiation_time_s": 51784.19597835586
  },
  "results": {
    "total_reactions": 64626676580,
    "gold_atoms_produced": 475012,
    "energy_deposited_mev": 5574050855110.225
  },
  "simulation_info": {
    "name": "sweep_192",
    "timestamp": 1750391561.4578698,
    "duration_s": 4.315376281738281e-05
  }
}