{
  "parameters": {
    "beam_energy_mev": 12.5,
    "beam_current_ua": 10.0,
    "target_composition": {
      "Pb-208": 1.0
    },
    "target_mass_g": 4.0,
    "irradiation_time_s": 4587.389948531281
  },
  "results": {
    "total_reactions": 5725062655,
    "gold_atoms_produced": 5963,
    "energy_deposited_mev": 536724623978.1598
  },
  "simulation_info": {
    "name": "sweep_302",
    "timestamp": 1750391562.0990834,
    "duration_s": 9.632110595703125e-05
  }
}