{
  "parameters": {
    "beam_energy_mev": 18.0,
    "beam_current_ua": 10.0,
    "target_composition": {
      "Pb-208": 0.8,
      "Bi-209": 0.15,
      "Tl-203": 0.05
    },
    "target_mass_g": 4.0,
    "irradiation_time_s": 31891.20445476297
  },
  "results": {
    "total_reactions": 39800223159,
    "gold_atoms_produced": 111345,
    "energy_deposited_mev": 5373030126538.464
  },
  "simulation_info": {
    "name": "sweep_1010",
    "timestamp": 1750391565.0057757,
    "duration_s": 9.655952453613281e-05
  }
}