{
  "parameters": {
    "beam_energy_mev": 20.0,
    "beam_current_ua": 10.0,
    "target_composition": {
      "Pb-208": 1.0
    },
    "target_mass_g": 4.0,
    "irradiation_time_s": 136536.84686636098
  },
  "results": {
    "total_reactions": 170397984889,
    "gold_atoms_produced": 1152878,
    "energy_deposited_mev": 25559697733382.77
  },
  "simulation_info": {
    "name": "sweep_1216",
    "timestamp": 1750391565.8563507,
    "duration_s": 7.05718994140625e-05
  }
}