{
  "parameters": {
    "beam_energy_mev": 16.5,
    "beam_current_ua": 10.0,
    "target_composition": {
      "Pb-208": 1.0
    },
    "target_mass_g": 4.0,
    "irradiation_time_s": 5845.596261079398
  },
  "results": {
    "total_reactions": 7295304133,
    "gold_atoms_produced": 6282,
    "energy_deposited_mev": 902793886561.1019
  },
  "simulation_info": {
    "name": "sweep_783",
    "timestamp": 1750391564.0708637,
    "duration_s": 5.9604644775390625e-05
  }
}