{
  "parameters": {
    "beam_energy_mev": 18.0,
    "beam_current_ua": 10.0,
    "target_composition": {
      "Pb-208": 1.0
    },
    "target_mass_g": 4.0,
    "irradiation_time_s": 282513.589326526
  },
  "results": {
    "total_reactions": 352576959479,
    "gold_atoms_produced": 9514644,
    "energy_deposited_mev": 47597889529733.086
  },
  "simulation_info": {
    "name": "sweep_979",
    "timestamp": 1750391564.9009597,
    "duration_s": 6.365776062011719e-05
  }
}