{
  "parameters": {
    "beam_energy_mev": 19.0,
    "beam_current_ua": 10.0,
    "target_composition": {
      "Pb-208": 0.9,
      "Bi-209": 0.1
    },
    "target_mass_g": 4.0,
    "irradiation_time_s": 9491.94323542929
  },
  "results": {
    "total_reactions": 11845945157,
    "gold_atoms_produced": 7290,
    "energy_deposited_mev": 1688047184988.7444
  },
  "simulation_info": {
    "name": "sweep_1105",
    "timestamp": 1750391565.398421,
    "duration_s": 9.918212890625e-05
  }
}