{
  "parameters": {
    "beam_energy_mev": 11.0,
    "beam_current_ua": 10.0,
    "target_composition": {
      "Pb-208": 1.0
    },
    "target_mass_g": 4.0,
    "irradiation_time_s": 107148.65189872745
  },
  "results": {
    "total_reactions": 133721517569,
    "gold_atoms_produced": 1587060,
    "energy_deposited_mev": 11032025199492.975
  },
  "simulation_info": {
    "name": "sweep_135",
    "timestamp": 1750391561.2186828,
    "duration_s": 6.318092346191406e-05
  }
}