{
  "parameters": {
    "beam_energy_mev": 10.5,
    "beam_current_ua": 10.0,
    "target_composition": {
      "Pb-208": 1.0
    },
    "target_mass_g": 4.0,
    "irradiation_time_s": 9491.94323542929
  },
  "results": {
    "total_reactions": 11845945157,
    "gold_atoms_produced": 9819,
    "energy_deposited_mev": 932868181177.9904
  },
  "simulation_info": {
    "name": "sweep_065",
    "timestamp": 1750391560.9877315,
    "duration_s": 3.0994415283203125e-05
  }
}