{
  "parameters": {
    "beam_energy_mev": 14.5,
    "beam_current_ua": 10.0,
    "target_composition": {
      "Pb-208": 0.9,
      "Bi-209": 0.1
    },
    "target_mass_g": 4.0,
    "irradiation_time_s": 9491.94323542929
  },
  "results": {
    "total_reactions": 11845945157,
    "gold_atoms_produced": 29705,
    "energy_deposited_mev": 1288246535912.463
  },
  "simulation_info": {
    "name": "sweep_565",
    "timestamp": 1750391563.2599483,
    "duration_s": 4.863739013671875e-05
  }
}