{
  "parameters": {
    "beam_energy_mev": 14.0,
    "beam_current_ua": 10.0,
    "target_composition": {
      "Pb-208": 1.0
    },
    "target_mass_g": 4.0,
    "irradiation_time_s": 84085.97288724437
  },
  "results": {
    "total_reactions": 104939294163,
    "gold_atoms_produced": 2356462,
    "energy_deposited_mev": 11018625887144.5
  },
  "simulation_info": {
    "name": "sweep_494",
    "timestamp": 1750391562.9425573,
    "duration_s": 4.482269287109375e-05
  }
}