{
  "parameters": {
    "beam_energy_mev": 15.0,
    "beam_current_ua": 10.0,
    "target_composition": {
      "Pb-208": 1.0
    },
    "target_mass_g": 4.0,
    "irradiation_time_s": 4587.389948531281
  },
  "results": {
    "total_reactions": 5725062655,
    "gold_atoms_produced": 6282,
    "energy_deposited_mev": 644069548773.7917
  },
  "simulation_info": {
    "name": "sweep_602",
    "timestamp": 1750391563.4019341,
    "duration_s": 5.650520324707031e-05
  }
}