{
  "parameters": {
    "beam_energy_mev": 10.0,
    "beam_current_ua": 10.0,
    "target_composition": {
      "Pb-208": 0.8,
      "Bi-209": 0.15,
      "Tl-203": 0.05
    },
    "target_mass_g": 4.0,
    "irradiation_time_s": 173985.48858858307
  },
  "results": {
    "total_reactions": 217133889758,
    "gold_atoms_produced": 2282014,
    "energy_deposited_mev": 16285041731891.371
  },
  "simulation_info": {
    "name": "sweep_057",
    "timestamp": 1750391560.958724,
    "duration_s": 6.413459777832031e-05
  }
}