{
  "parameters": {
    "beam_energy_mev": 13.5,
    "beam_current_ua": 10.0,
    "target_composition": {
      "Pb-208": 1.0
    },
    "target_mass_g": 4.0,
    "irradiation_time_s": 7448.897092013243
  },
  "results": {
    "total_reactions": 9296223570,
    "gold_atoms_produced": 19647,
    "energy_deposited_mev": 941242636546.7932
  },
  "simulation_info": {
    "name": "sweep_424",
    "timestamp": 1750391562.6307838,
    "duration_s": 0.00010418891906738281
  }
}