{
  "parameters": {
    "beam_energy_mev": 18.0,
    "beam_current_ua": 10.0,
    "target_composition": {
      "Pb-208": 0.8,
      "Bi-209": 0.15,
      "Tl-203": 0.05
    },
    "target_mass_g": 4.0,
    "irradiation_time_s": 7448.897092013243
  },
  "results": {
    "total_reactions": 9296223570,
    "gold_atoms_produced": 6074,
    "energy_deposited_mev": 1254990182062.3909
  },
  "simulation_info": {
    "name": "sweep_1004",
    "timestamp": 1750391564.9860718,
    "duration_s": 7.748603820800781e-05
  }
}