{
  "parameters": {
    "beam_energy_mev": 15.5,
    "beam_current_ua": 10.0,
    "target_composition": {
      "Pb-208": 0.9,
      "Bi-209": 0.1
    },
    "target_mass_g": 4.0,
    "irradiation_time_s": 40638.164100648806
  },
  "results": {
    "total_reactions": 50716428797,
    "gold_atoms_produced": 390557,
    "energy_deposited_mev": 5895784847722.128
  },
  "simulation_info": {
    "name": "sweep_691",
    "timestamp": 1750391563.7405202,
    "duration_s": 6.318092346191406e-05
  }
}