{
  "parameters": {
    "beam_energy_mev": 11.0,
    "beam_current_ua": 10.0,
    "target_composition": {
      "Pb-208": 0.8,
      "Bi-209": 0.15,
      "Tl-203": 0.05
    },
    "target_mass_g": 4.0,
    "irradiation_time_s": 65987.30558996768
  },
  "results": {
    "total_reactions": 82352157376,
    "gold_atoms_produced": 519217,
    "energy_deposited_mev": 6794052983543.071
  },
  "simulation_info": {
    "name": "sweep_173",
    "timestamp": 1750391561.3684485,
    "duration_s": 9.846687316894531e-05
  }
}