{
  "parameters": {
    "beam_energy_mev": 20.0,
    "beam_current_ua": 10.0,
    "target_composition": {
      "Pb-208": 0.8,
      "Bi-209": 0.15,
      "Tl-203": 0.05
    },
    "target_mass_g": 4.0,
    "irradiation_time_s": 136536.84686636098
  },
  "results": {
    "total_reactions": 170397984889,
    "gold_atoms_produced": 1087621,
    "energy_deposited_mev": 25559697733382.77
  },
  "simulation_info": {
    "name": "sweep_1256",
    "timestamp": 1750391566.1516745,
    "duration_s": 9.202957153320312e-05
  }
}