{
  "parameters": {
    "beam_energy_mev": 19.0,
    "beam_current_ua": 10.0,
    "target_composition": {
      "Pb-208": 0.8,
      "Bi-209": 0.15,
      "Tl-203": 0.05
    },
    "target_mass_g": 4.0,
    "irradiation_time_s": 12095.345830621614
  },
  "results": {
    "total_reactions": 15094991596,
    "gold_atoms_produced": 11888,
    "energy_deposited_mev": 2151036302517.7473
  },
  "simulation_info": {
    "name": "sweep_1126",
    "timestamp": 1750391565.4711783,
    "duration_s": 6.0558319091796875e-05
  }
}