{
  "parameters": {
    "beam_energy_mev": 11.5,
    "beam_current_ua": 10.0,
    "target_composition": {
      "Pb-208": 0.8,
      "Bi-209": 0.15,
      "Tl-203": 0.05
    },
    "target_mass_g": 4.0,
    "irradiation_time_s": 7448.897092013243
  },
  "results": {
    "total_reactions": 9296223570,
    "gold_atoms_produced": 8469,
    "energy_deposited_mev": 801799282984.3053
  },
  "simulation_info": {
    "name": "sweep_224",
    "timestamp": 1750391561.7596729,
    "duration_s": 6.532669067382812e-05
  }
}