{
  "parameters": {
    "beam_energy_mev": 17.5,
    "beam_current_ua": 10.0,
    "target_composition": {
      "Pb-208": 0.9,
      "Bi-209": 0.1
    },
    "target_mass_g": 4.0,
    "irradiation_time_s": 282513.589326526
  },
  "results": {
    "total_reactions": 352576959479,
    "gold_atoms_produced": 10212799,
    "energy_deposited_mev": 46275725931684.945
  },
  "simulation_info": {
    "name": "sweep_939",
    "timestamp": 1750391564.7221358,
    "duration_s": 5.125999450683594e-05
  }
}