{
  "parameters": {
    "beam_energy_mev": 20.0,
    "beam_current_ua": 10.0,
    "target_composition": {
      "Pb-208": 1.0
    },
    "target_mass_g": 4.0,
    "irradiation_time_s": 40638.164100648806
  },
  "results": {
    "total_reactions": 50716428797,
    "gold_atoms_produced": 102129,
    "energy_deposited_mev": 7607464319641.455
  },
  "simulation_info": {
    "name": "sweep_1211",
    "timestamp": 1750391565.8370442,
    "duration_s": 7.390975952148438e-05
  }
}