{
  "parameters": {
    "beam_energy_mev": 17.5,
    "beam_current_ua": 10.0,
    "target_composition": {
      "Pb-208": 1.0
    },
    "target_mass_g": 4.0,
    "irradiation_time_s": 4587.389948531281
  },
  "results": {
    "total_reactions": 5725062655,
    "gold_atoms_produced": 2900,
    "energy_deposited_mev": 751414473569.4236
  },
  "simulation_info": {
    "name": "sweep_902",
    "timestamp": 1750391564.5593698,
    "duration_s": 6.318092346191406e-05
  }
}