{
  "parameters": {
    "beam_energy_mev": 14.5,
    "beam_current_ua": 10.0,
    "target_composition": {
      "Pb-208": 1.0
    },
    "target_mass_g": 4.0,
    "irradiation_time_s": 4587.389948531281
  },
  "results": {
    "total_reactions": 5725062655,
    "gold_atoms_produced": 7372,
    "energy_deposited_mev": 622600563814.6654
  },
  "simulation_info": {
    "name": "sweep_542",
    "timestamp": 1750391563.1712625,
    "duration_s": 8.082389831542969e-05
  }
}