{
  "parameters": {
    "beam_energy_mev": 19.5,
    "beam_current_ua": 10.0,
    "target_composition": {
      "Pb-208": 1.0
    },
    "target_mass_g": 4.0,
    "irradiation_time_s": 107148.65189872745
  },
  "results": {
    "total_reactions": 133721517569,
    "gold_atoms_produced": 847979,
    "energy_deposited_mev": 19556771944555.73
  },
  "simulation_info": {
    "name": "sweep_1155",
    "timestamp": 1750391565.576889,
    "duration_s": 7.200241088867188e-05
  }
}