{
  "parameters": {
    "beam_energy_mev": 15.5,
    "beam_current_ua": 10.0,
    "target_composition": {
      "Pb-208": 0.9,
      "Bi-209": 0.1
    },
    "target_mass_g": 4.0,
    "irradiation_time_s": 15412.796635389815
  },
  "results": {
    "total_reactions": 19235170200,
    "gold_atoms_produced": 56179,
    "energy_deposited_mev": 2236088535862.354
  },
  "simulation_info": {
    "name": "sweep_687",
    "timestamp": 1750391563.7235296,
    "duration_s": 7.677078247070312e-05
  }
}