{
  "parameters": {
    "beam_energy_mev": 20.0,
    "beam_current_ua": 10.0,
    "target_composition": {
      "Pb-208": 0.9,
      "Bi-209": 0.1
    },
    "target_mass_g": 4.0,
    "irradiation_time_s": 173985.48858858307
  },
  "results": {
    "total_reactions": 217133889758,
    "gold_atoms_produced": 1734738,
    "energy_deposited_mev": 32570083463782.742
  },
  "simulation_info": {
    "name": "sweep_1237",
    "timestamp": 1750391566.0766385,
    "duration_s": 3.7670135498046875e-05
  }
}