{
  "parameters": {
    "beam_energy_mev": 20.0,
    "beam_current_ua": 10.0,
    "target_composition": {
      "Pb-208": 0.8,
      "Bi-209": 0.15,
      "Tl-203": 0.05
    },
    "target_mass_g": 4.0,
    "irradiation_time_s": 9491.94323542929
  },
  "results": {
    "total_reactions": 11845945157,
    "gold_atoms_produced": 5256,
    "energy_deposited_mev": 1776891773672.3625
  },
  "simulation_info": {
    "name": "sweep_1245",
    "timestamp": 1750391566.1084406,
    "duration_s": 0.0001163482666015625
  }
}