{
  "parameters": {
    "beam_energy_mev": 15.5,
    "beam_current_ua": 10.0,
    "target_composition": {
      "Pb-208": 1.0
    },
    "target_mass_g": 4.0,
    "irradiation_time_s": 136536.84686636098
  },
  "results": {
    "total_reactions": 170397984889,
    "gold_atoms_produced": 4698064,
    "energy_deposited_mev": 19808765743371.65
  },
  "simulation_info": {
    "name": "sweep_676",
    "timestamp": 1750391563.6744409,
    "duration_s": 4.982948303222656e-05
  }
}