{
  "parameters": {
    "beam_energy_mev": 14.0,
    "beam_current_ua": 10.0,
    "target_composition": {
      "Pb-208": 1.0
    },
    "target_mass_g": 4.0,
    "irradiation_time_s": 65987.30558996768
  },
  "results": {
    "total_reactions": 82352157376,
    "gold_atoms_produced": 1451223,
    "energy_deposited_mev": 8646976524509.363
  },
  "simulation_info": {
    "name": "sweep_493",
    "timestamp": 1750391562.9398801,
    "duration_s": 4.3392181396484375e-05
  }
}