{
  "parameters": {
    "beam_energy_mev": 12.5,
    "beam_current_ua": 10.0,
    "target_composition": {
      "Pb-208": 0.8,
      "Bi-209": 0.15,
      "Tl-203": 0.05
    },
    "target_mass_g": 4.0,
    "irradiation_time_s": 15412.796635389815
  },
  "results": {
    "total_reactions": 19235170200,
    "gold_atoms_produced": 57978,
    "energy_deposited_mev": 1803297206340.6082
  },
  "simulation_info": {
    "name": "sweep_347",
    "timestamp": 1750391562.2741172,
    "duration_s": 8.940696716308594e-05
  }
}