{
  "parameters": {
    "beam_energy_mev": 19.0,
    "beam_current_ua": 10.0,
    "target_composition": {
      "Pb-208": 0.9,
      "Bi-209": 0.1
    },
    "target_mass_g": 4.0,
    "irradiation_time_s": 31891.20445476297
  },
  "results": {
    "total_reactions": 39800223159,
    "gold_atoms_produced": 82300,
    "energy_deposited_mev": 5671531800235.045
  },
  "simulation_info": {
    "name": "sweep_1110",
    "timestamp": 1750391565.4183576,
    "duration_s": 7.82012939453125e-05
  }
}