{
  "parameters": {
    "beam_energy_mev": 18.0,
    "beam_current_ua": 10.0,
    "target_composition": {
      "Pb-208": 0.9,
      "Bi-209": 0.1
    },
    "target_mass_g": 4.0,
    "irradiation_time_s": 25026.94066239218
  },
  "results": {
    "total_reactions": 31233621946,
    "gold_atoms_produced": 69207,
    "energy_deposited_mev": 4216538962799.8335
  },
  "simulation_info": {
    "name": "sweep_989",
    "timestamp": 1750391564.9362907,
    "duration_s": 5.173683166503906e-05
  }
}