{
  "parameters": {
    "beam_energy_mev": 11.0,
    "beam_current_ua": 10.0,
    "target_composition": {
      "Pb-208": 0.9,
      "Bi-209": 0.1
    },
    "target_mass_g": 4.0,
    "irradiation_time_s": 25026.94066239218
  },
  "results": {
    "total_reactions": 31233621946,
    "gold_atoms_produced": 81538,
    "energy_deposited_mev": 2576773810599.898
  },
  "simulation_info": {
    "name": "sweep_149",
    "timestamp": 1750391561.262157,
    "duration_s": 5.984306335449219e-05
  }
}