{
  "parameters": {
    "beam_energy_mev": 19.5,
    "beam_current_ua": 10.0,
    "target_composition": {
      "Pb-208": 0.9,
      "Bi-209": 0.1
    },
    "target_mass_g": 4.0,
    "irradiation_time_s": 9491.94323542929
  },
  "results": {
    "total_reactions": 11845945157,
    "gold_atoms_produced": 6161,
    "energy_deposited_mev": 1732469479330.5535
  },
  "simulation_info": {
    "name": "sweep_1165",
    "timestamp": 1750391565.621226,
    "duration_s": 8.177757263183594e-05
  }
}