{
  "parameters": {
    "beam_energy_mev": 11.5,
    "beam_current_ua": 10.0,
    "target_composition": {
      "Pb-208": 0.9,
      "Bi-209": 0.1
    },
    "target_mass_g": 4.0,
    "irradiation_time_s": 221705.35598376938
  },
  "results": {
    "total_reactions": 276688284267,
    "gold_atoms_produced": 8194345,
    "energy_deposited_mev": 23864364518092.93
  },
  "simulation_info": {
    "name": "sweep_218",
    "timestamp": 1750391561.731093,
    "duration_s": 9.703636169433594e-05
  }
}