{
  "parameters": {
    "beam_energy_mev": 18.0,
    "beam_current_ua": 10.0,
    "target_composition": {
      "Pb-208": 0.9,
      "Bi-209": 0.1
    },
    "target_mass_g": 4.0,
    "irradiation_time_s": 15412.796635389815
  },
  "results": {
    "total_reactions": 19235170200,
    "gold_atoms_produced": 26248,
    "energy_deposited_mev": 2596747977130.4756
  },
  "simulation_info": {
    "name": "sweep_987",
    "timestamp": 1750391564.9286618,
    "duration_s": 8.0108642578125e-05
  }
}