{
  "parameters": {
    "beam_energy_mev": 19.5,
    "beam_current_ua": 10.0,
    "target_composition": {
      "Pb-208": 0.8,
      "Bi-209": 0.15,
      "Tl-203": 0.05
    },
    "target_mass_g": 4.0,
    "irradiation_time_s": 65987.30558996768
  },
  "results": {
    "total_reactions": 82352157376,
    "gold_atoms_produced": 301102,
    "energy_deposited_mev": 12044003016280.898
  },
  "simulation_info": {
    "name": "sweep_1193",
    "timestamp": 1750391565.765253,
    "duration_s": 0.0001399517059326172
  }
}