{
  "parameters": {
    "beam_energy_mev": 14.5,
    "beam_current_ua": 10.0,
    "target_composition": {
      "Pb-208": 1.0
    },
    "target_mass_g": 4.0,
    "irradiation_time_s": 51784.19597835586
  },
  "results": {
    "total_reactions": 64626676580,
    "gold_atoms_produced": 939429,
    "energy_deposited_mev": 7028151078182.456
  },
  "simulation_info": {
    "name": "sweep_552",
    "timestamp": 1750391563.213537,
    "duration_s": 9.632110595703125e-05
  }
}