{
  "parameters": {
    "beam_energy_mev": 14.5,
    "beam_current_ua": 10.0,
    "target_composition": {
      "Pb-208": 0.8,
      "Bi-209": 0.15,
      "Tl-203": 0.05
    },
    "target_mass_g": 4.0,
    "irradiation_time_s": 51784.19597835586
  },
  "results": {
    "total_reactions": 64626676580,
    "gold_atoms_produced": 835885,
    "energy_deposited_mev": 7028151078182.456
  },
  "simulation_info": {
    "name": "sweep_592",
    "timestamp": 1750391563.361347,
    "duration_s": 7.867813110351562e-05
  }
}