{
  "parameters": {
    "beam_energy_mev": 12.5,
    "beam_current_ua": 10.0,
    "target_composition": {
      "Pb-208": 0.8,
      "Bi-209": 0.15,
      "Tl-203": 0.05
    },
    "target_mass_g": 4.0,
    "irradiation_time_s": 173985.48858858307
  },
  "results": {
    "total_reactions": 217133889758,
    "gold_atoms_produced": 7388051,
    "energy_deposited_mev": 20356302164864.215
  },
  "simulation_info": {
    "name": "sweep_357",
    "timestamp": 1750391562.3115947,
    "duration_s": 5.9604644775390625e-05
  }
}