{
  "parameters": {
    "beam_energy_mev": 10.0,
    "beam_current_ua": 10.0,
    "target_composition": {
      "Pb-208": 1.0
    },
    "target_mass_g": 4.0,
    "irradiation_time_s": 25026.94066239218
  },
  "results": {
    "total_reactions": 31233621946,
    "gold_atoms_produced": 54619,
    "energy_deposited_mev": 2342521645999.907
  },
  "simulation_info": {
    "name": "sweep_009",
    "timestamp": 1750391560.760554,
    "duration_s": 5.817413330078125e-05
  }
}