{
  "parameters": {
    "beam_energy_mev": 14.0,
    "beam_current_ua": 10.0,
    "target_composition": {
      "Pb-208": 1.0
    },
    "target_mass_g": 4.0,
    "irradiation_time_s": 9491.94323542929
  },
  "results": {
    "total_reactions": 11845945157,
    "gold_atoms_produced": 30027,
    "energy_deposited_mev": 1243824241570.6538
  },
  "simulation_info": {
    "name": "sweep_485",
    "timestamp": 1750391562.9097147,
    "duration_s": 6.103515625e-05
  }
}