{
  "parameters": {
    "beam_energy_mev": 15.0,
    "beam_current_ua": 10.0,
    "target_composition": {
      "Pb-208": 0.8,
      "Bi-209": 0.15,
      "Tl-203": 0.05
    },
    "target_mass_g": 4.0,
    "irradiation_time_s": 51784.19597835586
  },
  "results": {
    "total_reactions": 64626676580,
    "gold_atoms_produced": 716411,
    "energy_deposited_mev": 7270501115361.161
  },
  "simulation_info": {
    "name": "sweep_652",
    "timestamp": 1750391563.5634973,
    "duration_s": 0.00011110305786132812
  }
}