{
  "parameters": {
    "beam_energy_mev": 13.5,
    "beam_current_ua": 10.0,
    "target_composition": {
      "Pb-208": 1.0
    },
    "target_mass_g": 4.0,
    "irradiation_time_s": 282513.589326526
  },
  "results": {
    "total_reactions": 352576959479,
    "gold_atoms_produced": 28261564,
    "energy_deposited_mev": 35698417147299.81
  },
  "simulation_info": {
    "name": "sweep_439",
    "timestamp": 1750391562.702585,
    "duration_s": 7.748603820800781e-05
  }
}