{
  "parameters": {
    "beam_energy_mev": 13.0,
    "beam_current_ua": 10.0,
    "target_composition": {
      "Pb-208": 0.9,
      "Bi-209": 0.1
    },
    "target_mass_g": 4.0,
    "irradiation_time_s": 15412.796635389815
  },
  "results": {
    "total_reactions": 19235170200,
    "gold_atoms_produced": 74591,
    "energy_deposited_mev": 1875429094594.2324
  },
  "simulation_info": {
    "name": "sweep_387",
    "timestamp": 1750391562.4428036,
    "duration_s": 4.2438507080078125e-05
  }
}