{
  "parameters": {
    "beam_energy_mev": 19.5,
    "beam_current_ua": 10.0,
    "target_composition": {
      "Pb-208": 0.9,
      "Bi-209": 0.1
    },
    "target_mass_g": 4.0,
    "irradiation_time_s": 107148.65189872745
  },
  "results": {
    "total_reactions": 133721517569,
    "gold_atoms_produced": 785170,
    "energy_deposited_mev": 19556771944555.73
  },
  "simulation_info": {
    "name": "sweep_1175",
    "timestamp": 1750391565.661687,
    "duration_s": 8.177757263183594e-05
  }
}