{
  "parameters": {
    "beam_energy_mev": 14.5,
    "beam_current_ua": 10.0,
    "target_composition": {
      "Pb-208": 0.9,
      "Bi-209": 0.1
    },
    "target_mass_g": 4.0,
    "irradiation_time_s": 221705.35598376938
  },
  "results": {
    "total_reactions": 276688284267,
    "gold_atoms_produced": 16206268,
    "energy_deposited_mev": 30089850914117.176
  },
  "simulation_info": {
    "name": "sweep_578",
    "timestamp": 1750391563.3042798,
    "duration_s": 5.7220458984375e-05
  }
}