{
  "parameters": {
    "beam_energy_mev": 14.5,
    "beam_current_ua": 10.0,
    "target_composition": {
      "Pb-208": 1.0
    },
    "target_mass_g": 4.0,
    "irradiation_time_s": 31891.20445476297
  },
  "results": {
    "total_reactions": 39800223159,
    "gold_atoms_produced": 356296,
    "energy_deposited_mev": 4328274268600.4297
  },
  "simulation_info": {
    "name": "sweep_550",
    "timestamp": 1750391563.2057197,
    "duration_s": 5.984306335449219e-05
  }
}