{
  "parameters": {
    "beam_energy_mev": 11.0,
    "beam_current_ua": 10.0,
    "target_composition": {
      "Pb-208": 1.0
    },
    "target_mass_g": 4.0,
    "irradiation_time_s": 9491.94323542929
  },
  "results": {
    "total_reactions": 11845945157,
    "gold_atoms_produced": 12454,
    "energy_deposited_mev": 977290475519.7996
  },
  "simulation_info": {
    "name": "sweep_125",
    "timestamp": 1750391561.1879733,
    "duration_s": 3.981590270996094e-05
  }
}