{
  "parameters": {
    "beam_energy_mev": 18.0,
    "beam_current_ua": 10.0,
    "target_composition": {
      "Pb-208": 0.9,
      "Bi-209": 0.1
    },
    "target_mass_g": 4.0,
    "irradiation_time_s": 31891.20445476297
  },
  "results": {
    "total_reactions": 39800223159,
    "gold_atoms_produced": 112378,
    "energy_deposited_mev": 5373030126538.464
  },
  "simulation_info": {
    "name": "sweep_990",
    "timestamp": 1750391564.939496,
    "duration_s": 4.8160552978515625e-05
  }
}