{
  "parameters": {
    "beam_energy_mev": 13.5,
    "beam_current_ua": 10.0,
    "target_composition": {
      "Pb-208": 0.9,
      "Bi-209": 0.1
    },
    "target_mass_g": 4.0,
    "irradiation_time_s": 221705.35598376938
  },
  "results": {
    "total_reactions": 276688284267,
    "gold_atoms_produced": 16436016,
    "energy_deposited_mev": 28014688782109.09
  },
  "simulation_info": {
    "name": "sweep_458",
    "timestamp": 1750391562.7856903,
    "duration_s": 9.512901306152344e-05
  }
}