{
  "parameters": {
    "beam_energy_mev": 17.5,
    "beam_current_ua": 10.0,
    "target_composition": {
      "Pb-208": 0.9,
      "Bi-209": 0.1
    },
    "target_mass_g": 4.0,
    "irradiation_time_s": 31891.20445476297
  },
  "results": {
    "total_reactions": 39800223159,
    "gold_atoms_produced": 130139,
    "energy_deposited_mev": 5223779289690.173
  },
  "simulation_info": {
    "name": "sweep_930",
    "timestamp": 1750391564.6858118,
    "duration_s": 8.702278137207031e-05
  }
}