{
  "parameters": {
    "beam_energy_mev": 11.0,
    "beam_current_ua": 10.0,
    "target_composition": {
      "Pb-208": 1.0
    },
    "target_mass_g": 4.0,
    "irradiation_time_s": 4587.389948531281
  },
  "results": {
    "total_reactions": 5725062655,
    "gold_atoms_produced": 2909,
    "energy_deposited_mev": 472317669100.78064
  },
  "simulation_info": {
    "name": "sweep_122",
    "timestamp": 1750391561.1785958,
    "duration_s": 4.38690185546875e-05
  }
}