{
  "parameters": {
    "beam_energy_mev": 15.0,
    "beam_current_ua": 10.0,
    "target_composition": {
      "Pb-208": 1.0
    },
    "target_mass_g": 4.0,
    "irradiation_time_s": 15412.796635389815
  },
  "results": {
    "total_reactions": 19235170200,
    "gold_atoms_produced": 70916,
    "energy_deposited_mev": 2163956647608.7297
  },
  "simulation_info": {
    "name": "sweep_607",
    "timestamp": 1750391563.418223,
    "duration_s": 6.031990051269531e-05
  }
}