{
  "parameters": {
    "beam_energy_mev": 19.5,
    "beam_current_ua": 10.0,
    "target_composition": {
      "Pb-208": 0.9,
      "Bi-209": 0.1
    },
    "target_mass_g": 4.0,
    "irradiation_time_s": 84085.97288724437
  },
  "results": {
    "total_reactions": 104939294163,
    "gold_atoms_produced": 483546,
    "energy_deposited_mev": 15347371771379.836
  },
  "simulation_info": {
    "name": "sweep_1174",
    "timestamp": 1750391565.657611,
    "duration_s": 7.915496826171875e-05
  }
}