{
  "parameters": {
    "beam_energy_mev": 11.5,
    "beam_current_ua": 10.0,
    "target_composition": {
      "Pb-208": 0.8,
      "Bi-209": 0.15,
      "Tl-203": 0.05
    },
    "target_mass_g": 4.0,
    "irradiation_time_s": 107148.65189872745
  },
  "results": {
    "total_reactions": 133721517569,
    "gold_atoms_produced": 1752428,
    "energy_deposited_mev": 11533480890379.02
  },
  "simulation_info": {
    "name": "sweep_235",
    "timestamp": 1750391561.8101656,
    "duration_s": 6.29425048828125e-05
  }
}