{
  "parameters": {
    "beam_energy_mev": 13.5,
    "beam_current_ua": 10.0,
    "target_composition": {
      "Pb-208": 0.9,
      "Bi-209": 0.1
    },
    "target_mass_g": 4.0,
    "irradiation_time_s": 40638.164100648806
  },
  "results": {
    "total_reactions": 50716428797,
    "gold_atoms_produced": 552220,
    "energy_deposited_mev": 5135038415757.982
  },
  "simulation_info": {
    "name": "sweep_451",
    "timestamp": 1750391562.7559674,
    "duration_s": 9.107589721679688e-05
  }
}