{
  "parameters": {
    "beam_energy_mev": 13.0,
    "beam_current_ua": 10.0,
    "target_composition": {
      "Pb-208": 1.0
    },
    "target_mass_g": 4.0,
    "irradiation_time_s": 136536.84686636098
  },
  "results": {
    "total_reactions": 170397984889,
    "gold_atoms_produced": 6214201,
    "energy_deposited_mev": 16613803526698.8
  },
  "simulation_info": {
    "name": "sweep_376",
    "timestamp": 1750391562.4050741,
    "duration_s": 4.887580871582031e-05
  }
}