{
  "parameters": {
    "beam_energy_mev": 19.0,
    "beam_current_ua": 10.0,
    "target_composition": {
      "Pb-208": 1.0
    },
    "target_mass_g": 4.0,
    "irradiation_time_s": 25026.94066239218
  },
  "results": {
    "total_reactions": 31233621946,
    "gold_atoms_produced": 54751,
    "energy_deposited_mev": 4450791127399.823
  },
  "simulation_info": {
    "name": "sweep_1089",
    "timestamp": 1750391565.3278575,
    "duration_s": 5.936622619628906e-05
  }
}