{
  "parameters": {
    "beam_energy_mev": 17.0,
    "beam_current_ua": 10.0,
    "target_composition": {
      "Pb-208": 0.9,
      "Bi-209": 0.1
    },
    "target_mass_g": 4.0,
    "irradiation_time_s": 7448.897092013243
  },
  "results": {
    "total_reactions": 9296223570,
    "gold_atoms_produced": 8208,
    "energy_deposited_mev": 1185268505281.147
  },
  "simulation_info": {
    "name": "sweep_864",
    "timestamp": 1750391564.4328318,
    "duration_s": 0.0001125335693359375
  }
}