{
  "parameters": {
    "beam_energy_mev": 13.0,
    "beam_current_ua": 10.0,
    "target_composition": {
      "Pb-208": 1.0
    },
    "target_mass_g": 4.0,
    "irradiation_time_s": 40638.164100648806
  },
  "results": {
    "total_reactions": 50716428797,
    "gold_atoms_produced": 550495,
    "energy_deposited_mev": 4944851807766.946
  },
  "simulation_info": {
    "name": "sweep_371",
    "timestamp": 1750391562.387159,
    "duration_s": 5.435943603515625e-05
  }
}