{
  "parameters": {
    "beam_energy_mev": 10.0,
    "beam_current_ua": 10.0,
    "target_composition": {
      "Pb-208": 0.9,
      "Bi-209": 0.1
    },
    "target_mass_g": 4.0,
    "irradiation_time_s": 136536.84686636098
  },
  "results": {
    "total_reactions": 170397984889,
    "gold_atoms_produced": 1532993,
    "energy_deposited_mev": 12779848866691.385
  },
  "simulation_info": {
    "name": "sweep_036",
    "timestamp": 1750391560.8755794,
    "duration_s": 5.91278076171875e-05
  }
}