{
  "parameters": {
    "beam_energy_mev": 10.5,
    "beam_current_ua": 10.0,
    "target_composition": {
      "Pb-208": 0.8,
      "Bi-209": 0.15,
      "Tl-203": 0.05
    },
    "target_mass_g": 4.0,
    "irradiation_time_s": 19640.14121220667
  },
  "results": {
    "total_reactions": 24510896232,
    "gold_atoms_produced": 36306,
    "energy_deposited_mev": 1930233078335.671
  },
  "simulation_info": {
    "name": "sweep_108",
    "timestamp": 1750391561.1231236,
    "duration_s": 3.838539123535156e-05
  }
}