{
  "parameters": {
    "beam_energy_mev": 19.0,
    "beam_current_ua": 10.0,
    "target_composition": {
      "Pb-208": 1.0
    },
    "target_mass_g": 4.0,
    "irradiation_time_s": 40638.164100648806
  },
  "results": {
    "total_reactions": 50716428797,
    "gold_atoms_produced": 144361,
    "energy_deposited_mev": 7227091103659.383
  },
  "simulation_info": {
    "name": "sweep_1091",
    "timestamp": 1750391565.3393164,
    "duration_s": 8.416175842285156e-05
  }
}