{
  "parameters": {
    "beam_energy_mev": 17.5,
    "beam_current_ua": 10.0,
    "target_composition": {
      "Pb-208": 1.0
    },
    "target_mass_g": 4.0,
    "irradiation_time_s": 7448.897092013243
  },
  "results": {
    "total_reactions": 9296223570,
    "gold_atoms_produced": 7647,
    "energy_deposited_mev": 1220129343671.769
  },
  "simulation_info": {
    "name": "sweep_904",
    "timestamp": 1750391564.5688405,
    "duration_s": 6.222724914550781e-05
  }
}