{
  "parameters": {
    "beam_energy_mev": 18.0,
    "beam_current_ua": 10.0,
    "target_composition": {
      "Pb-208": 0.8,
      "Bi-209": 0.15,
      "Tl-203": 0.05
    },
    "target_mass_g": 4.0,
    "irradiation_time_s": 221705.35598376938
  },
  "results": {
    "total_reactions": 276688284267,
    "gold_atoms_produced": 5381258,
    "energy_deposited_mev": 37352918376145.45
  },
  "simulation_info": {
    "name": "sweep_1018",
    "timestamp": 1750391565.0336876,
    "duration_s": 6.771087646484375e-05
  }
}