{
  "parameters": {
    "beam_energy_mev": 17.0,
    "beam_current_ua": 10.0,
    "target_composition": {
      "Pb-208": 0.8,
      "Bi-209": 0.15,
      "Tl-203": 0.05
    },
    "target_mass_g": 4.0,
    "irradiation_time_s": 12095.345830621614
  },
  "results": {
    "total_reactions": 15094991596,
    "gold_atoms_produced": 21164,
    "energy_deposited_mev": 1924611428568.511
  },
  "simulation_info": {
    "name": "sweep_886",
    "timestamp": 1750391564.505869,
    "duration_s": 7.724761962890625e-05
  }
}