{
  "parameters": {
    "beam_energy_mev": 16.5,
    "beam_current_ua": 10.0,
    "target_composition": {
      "Pb-208": 0.8,
      "Bi-209": 0.15,
      "Tl-203": 0.05
    },
    "target_mass_g": 4.0,
    "irradiation_time_s": 40638.164100648806
  },
  "results": {
    "total_reactions": 50716428797,
    "gold_atoms_produced": 275129,
    "energy_deposited_mev": 6276158063704.201
  },
  "simulation_info": {
    "name": "sweep_831",
    "timestamp": 1750391564.2619336,
    "duration_s": 0.00010180473327636719
  }
}