{
  "parameters": {
    "beam_energy_mev": 20.0,
    "beam_current_ua": 10.0,
    "target_composition": {
      "Pb-208": 0.8,
      "Bi-209": 0.15,
      "Tl-203": 0.05
    },
    "target_mass_g": 4.0,
    "irradiation_time_s": 4587.389948531281
  },
  "results": {
    "total_reactions": 5725062655,
    "gold_atoms_produced": 1227,
    "energy_deposited_mev": 858759398365.0558
  },
  "simulation_info": {
    "name": "sweep_1242",
    "timestamp": 1750391566.095128,
    "duration_s": 0.00010371208190917969
  }
}