{
  "parameters": {
    "beam_energy_mev": 20.0,
    "beam_current_ua": 10.0,
    "target_composition": {
      "Pb-208": 0.8,
      "Bi-209": 0.15,
      "Tl-203": 0.05
    },
    "target_mass_g": 4.0,
    "irradiation_time_s": 5845.596261079398
  },
  "results": {
    "total_reactions": 7295304133,
    "gold_atoms_produced": 1993,
    "energy_deposited_mev": 1094295620074.0631
  },
  "simulation_info": {
    "name": "sweep_1243",
    "timestamp": 1750391566.0995324,
    "duration_s": 8.916854858398438e-05
  }
}