{
  "parameters": {
    "beam_energy_mev": 12.5,
    "beam_current_ua": 10.0,
    "target_composition": {
      "Pb-208": 0.8,
      "Bi-209": 0.15,
      "Tl-203": 0.05
    },
    "target_mass_g": 4.0,
    "irradiation_time_s": 25026.94066239218
  },
  "results": {
    "total_reactions": 31233621946,
    "gold_atoms_produced": 152868,
    "energy_deposited_mev": 2928152057499.8843
  },
  "simulation_info": {
    "name": "sweep_349",
    "timestamp": 1750391562.281062,
    "duration_s": 0.00010180473327636719
  }
}