{
  "parameters": {
    "beam_energy_mev": 11.0,
    "beam_current_ua": 10.0,
    "target_composition": {
      "Pb-208": 0.9,
      "Bi-209": 0.1
    },
    "target_mass_g": 4.0,
    "irradiation_time_s": 5845.596261079398
  },
  "results": {
    "total_reactions": 7295304133,
    "gold_atoms_produced": 4448,
    "energy_deposited_mev": 601862591040.7346
  },
  "simulation_info": {
    "name": "sweep_143",
    "timestamp": 1750391561.2437098,
    "duration_s": 4.124641418457031e-05
  }
}