{
  "parameters": {
    "beam_energy_mev": 20.0,
    "beam_current_ua": 10.0,
    "target_composition": {
      "Pb-208": 0.8,
      "Bi-209": 0.15,
      "Tl-203": 0.05
    },
    "target_mass_g": 4.0,
    "irradiation_time_s": 360000.0
  },
  "results": {
    "total_reactions": 449279999999,
    "gold_atoms_produced": 7561067,
    "energy_deposited_mev": 67391999999999.984
  },
  "simulation_info": {
    "name": "sweep_1260",
    "timestamp": 1750391566.1680708,
    "duration_s": 8.511543273925781e-05
  }
}