{
  "parameters": {
    "beam_energy_mev": 14.5,
    "beam_current_ua": 10.0,
    "target_composition": {
      "Pb-208": 0.8,
      "Bi-209": 0.15,
      "Tl-203": 0.05
    },
    "target_mass_g": 4.0,
    "irradiation_time_s": 84085.97288724437
  },
  "results": {
    "total_reactions": 104939294163,
    "gold_atoms_produced": 2203937,
    "energy_deposited_mev": 11412148240256.803
  },
  "simulation_info": {
    "name": "sweep_594",
    "timestamp": 1750391563.3711133,
    "duration_s": 9.870529174804688e-05
  }
}