{
  "parameters": {
    "beam_energy_mev": 14.5,
    "beam_current_ua": 10.0,
    "target_composition": {
      "Pb-208": 0.8,
      "Bi-209": 0.15,
      "Tl-203": 0.05
    },
    "target_mass_g": 4.0,
    "irradiation_time_s": 15412.796635389815
  },
  "results": {
    "total_reactions": 19235170200,
    "gold_atoms_produced": 74048,
    "energy_deposited_mev": 2091824759355.1055
  },
  "simulation_info": {
    "name": "sweep_587",
    "timestamp": 1750391563.3427737,
    "duration_s": 9.775161743164062e-05
  }
}