{
  "parameters": {
    "beam_energy_mev": 16.5,
    "beam_current_ua": 10.0,
    "target_composition": {
      "Pb-208": 1.0
    },
    "target_mass_g": 4.0,
    "irradiation_time_s": 15412.796635389815
  },
  "results": {
    "total_reactions": 19235170200,
    "gold_atoms_produced": 43673,
    "energy_deposited_mev": 2380352312369.6025
  },
  "simulation_info": {
    "name": "sweep_787",
    "timestamp": 1750391564.087303,
    "duration_s": 6.67572021484375e-05
  }
}