{
  "parameters": {
    "beam_energy_mev": 17.5,
    "beam_current_ua": 10.0,
    "target_composition": {
      "Pb-208": 1.0
    },
    "target_mass_g": 4.0,
    "irradiation_time_s": 15412.796635389815
  },
  "results": {
    "total_reactions": 19235170200,
    "gold_atoms_produced": 32743,
    "energy_deposited_mev": 2524616088876.851
  },
  "simulation_info": {
    "name": "sweep_907",
    "timestamp": 1750391564.5786674,
    "duration_s": 6.723403930664062e-05
  }
}