{
  "parameters": {
    "beam_energy_mev": 18.0,
    "beam_current_ua": 10.0,
    "target_composition": {
      "Pb-208": 0.8,
      "Bi-209": 0.15,
      "Tl-203": 0.05
    },
    "target_mass_g": 4.0,
    "irradiation_time_s": 107148.65189872745
  },
  "results": {
    "total_reactions": 133721517569,
    "gold_atoms_produced": 1256912,
    "energy_deposited_mev": 18052404871897.594
  },
  "simulation_info": {
    "name": "sweep_1015",
    "timestamp": 1750391565.023069,
    "duration_s": 5.555152893066406e-05
  }
}