{
  "parameters": {
    "beam_energy_mev": 12.0,
    "beam_current_ua": 10.0,
    "target_composition": {
      "Pb-208": 1.0
    },
    "target_mass_g": 4.0,
    "irradiation_time_s": 15412.796635389815
  },
  "results": {
    "total_reactions": 19235170200,
    "gold_atoms_produced": 53854,
    "energy_deposited_mev": 1731165318086.984
  },
  "simulation_info": {
    "name": "sweep_247",
    "timestamp": 1750391561.8723953,
    "duration_s": 5.841255187988281e-05
  }
}