{
  "parameters": {
    "beam_energy_mev": 16.5,
    "beam_current_ua": 10.0,
    "target_composition": {
      "Pb-208": 0.9,
      "Bi-209": 0.1
    },
    "target_mass_g": 4.0,
    "irradiation_time_s": 65987.30558996768
  },
  "results": {
    "total_reactions": 82352157376,
    "gold_atoms_produced": 746775,
    "energy_deposited_mev": 10191079475314.607
  },
  "simulation_info": {
    "name": "sweep_813",
    "timestamp": 1750391564.191566,
    "duration_s": 5.3882598876953125e-05
  }
}