{
  "parameters": {
    "beam_energy_mev": 13.0,
    "beam_current_ua": 10.0,
    "target_composition": {
      "Pb-208": 1.0
    },
    "target_mass_g": 4.0,
    "irradiation_time_s": 19640.14121220667
  },
  "results": {
    "total_reactions": 24510896232,
    "gold_atoms_produced": 128580,
    "energy_deposited_mev": 2389812382701.3066
  },
  "simulation_info": {
    "name": "sweep_368",
    "timestamp": 1750391562.3753486,
    "duration_s": 6.318092346191406e-05
  }
}