{
  "parameters": {
    "beam_energy_mev": 10.0,
    "beam_current_ua": 10.0,
    "target_composition": {
      "Pb-208": 1.0
    },
    "target_mass_g": 4.0,
    "irradiation_time_s": 4587.389948531281
  },
  "results": {
    "total_reactions": 5725062655,
    "gold_atoms_produced": 1835,
    "energy_deposited_mev": 429379699182.5279
  },
  "simulation_info": {
    "name": "sweep_002",
    "timestamp": 1750391560.7235067,
    "duration_s": 4.839897155761719e-05
  }
}