{
  "parameters": {
    "beam_energy_mev": 14.5,
    "beam_current_ua": 10.0,
    "target_composition": {
      "Pb-208": 0.8,
      "Bi-209": 0.15,
      "Tl-203": 0.05
    },
    "target_mass_g": 4.0,
    "irradiation_time_s": 40638.164100648806
  },
  "results": {
    "total_reactions": 50716428797,
    "gold_atoms_produced": 514778,
    "energy_deposited_mev": 5515411631740.055
  },
  "simulation_info": {
    "name": "sweep_591",
    "timestamp": 1750391563.3585896,
    "duration_s": 4.839897155761719e-05
  }
}