{
  "parameters": {
    "beam_energy_mev": 15.5,
    "beam_current_ua": 10.0,
    "target_composition": {
      "Pb-208": 0.8,
      "Bi-209": 0.15,
      "Tl-203": 0.05
    },
    "target_mass_g": 4.0,
    "irradiation_time_s": 9491.94323542929
  },
  "results": {
    "total_reactions": 11845945157,
    "gold_atoms_produced": 20415,
    "energy_deposited_mev": 1377091124596.081
  },
  "simulation_info": {
    "name": "sweep_705",
    "timestamp": 1750391563.7885504,
    "duration_s": 5.91278076171875e-05
  }
}