{
  "parameters": {
    "beam_energy_mev": 19.0,
    "beam_current_ua": 10.0,
    "target_composition": {
      "Pb-208": 1.0
    },
    "target_mass_g": 4.0,
    "irradiation_time_s": 4587.389948531281
  },
  "results": {
    "total_reactions": 5725062655,
    "gold_atoms_produced": 1839,
    "energy_deposited_mev": 815821428446.803
  },
  "simulation_info": {
    "name": "sweep_1082",
    "timestamp": 1750391565.2980046,
    "duration_s": 9.250640869140625e-05
  }
}