{
  "parameters": {
    "beam_energy_mev": 17.0,
    "beam_current_ua": 10.0,
    "target_composition": {
      "Pb-208": 0.9,
      "Bi-209": 0.1
    },
    "target_mass_g": 4.0,
    "irradiation_time_s": 12095.345830621614
  },
  "results": {
    "total_reactions": 15094991596,
    "gold_atoms_produced": 21643,
    "energy_deposited_mev": 1924611428568.511
  },
  "simulation_info": {
    "name": "sweep_866",
    "timestamp": 1750391564.4401236,
    "duration_s": 4.649162292480469e-05
  }
}