{
  "method": "Sobol",
  "total_samples": 18432,
  "parameters": [
    "beam_energy_mev",
    "beam_intensity",
    "pulse_width_ns",
    "tl203_fraction",
    "hg200_fraction",
    "target_mass_g",
    "total_dose_kgy",
    "dose_rate_kgy_h"
  ],
  "first_order_indices": {
    "beam_energy_mev": 0.004941970010604425,
    "beam_intensity": 0.0041546483988498,
    "pulse_width_ns": 0.0017657354913418,
    "tl203_fraction": 0.00040600364890800887,
    "hg200_fraction": -0.0002373150216434685,
    "target_mass_g": -4.6954639280188815e-05,
    "total_dose_kgy": 0.0022163646499379483,
    "dose_rate_kgy_h": 0.7314773571609833
  },
  "total_order_indices": {
    "beam_energy_mev": 0.49345050215698033,
    "beam_intensity": 0.04341822960987412,
    "pulse_width_ns": 0.22374907481624887,
    "tl203_fraction": 0.05453005100975339,
    "hg200_fraction": 0.03310852119437403,
    "target_mass_g": 0.3630623538267913,
    "total_dose_kgy": 0.7650206574385587,
    "dose_rate_kgy_h": 1.66396770638273
  },
  "parameter_rankings": [
    [
      "dose_rate_kgy_h",
      1.66396770638273
    ],
    [
      "total_dose_kgy",
      0.7650206574385587
    ],
    [
      "beam_energy_mev",
      0.49345050215698033
    ],
    [
      "target_mass_g",
      0.3630623538267913
    ],
    [
      "pulse_width_ns",
      0.22374907481624887
    ],
    [
      "tl203_fraction",
      0.05453005100975339
    ],
    [
      "beam_intensity",
      0.04341822960987412
    ],
    [
      "hg200_fraction",
      0.03310852119437403
    ]
  ],
  "confidence_intervals": {
    "beam_energy_mev": [
      [
        -0.01603241693735009,
        0.02591635695855894
      ],
      [
        -0.47889555693279356,
        1.4657965612467543
      ]
    ],
    "beam_intensity": [
      [
        -0.0050171419595778895,
        0.01332643875727749
      ],
      [
        -0.07253116971816576,
        0.159367628937914
      ]
    ],
    "pulse_width_ns": [
      [
        -0.006382225837905825,
        0.009913696820589424
      ],
      [
        -0.01830892977672416,
        0.4658070794092219
      ]
    ],
    "tl203_fraction": [
      [
        -0.0066289746770942844,
        0.007440981974910303
      ],
      [
        -0.011858826586366625,
        0.1209189286058734
      ]
    ],
    "hg200_fraction": [
      [
        -0.008224745354048135,
        0.007750115310761198
      ],
      [
        -0.00907162222491631,
        0.07528866461366437
      ]
    ],
    "target_mass_g": [
      [
        -0.007268710974946659,
        0.007174801696386282
      ],
      [
        0.06883601788231364,
        0.657288689771269
      ]
    ],
    "total_dose_kgy": [
      [
        -0.02173974120236203,
        0.026172470502237928
      ],
      [
        -0.8288276086752258,
        2.3588689235523432
      ]
    ],
    "dose_rate_kgy_h": [
      [
        -0.7918204452837704,
        2.254775159605737
      ],
      [
        -3.7009291673905174,
        7.028864580155977
      ]
    ]
  },
  "analysis_time_s": 1.0970978736877441,
  "analysis_timestamp": "2025-06-19 23:02:00"
}