{
  "parameters": {
    "beam_energy_mev": 19.0,
    "beam_current_ua": 10.0,
    "target_composition": {
      "Pb-208": 1.0
    },
    "target_mass_g": 4.0,
    "irradiation_time_s": 65987.30558996768
  },
  "results": {
    "total_reactions": 82352157376,
    "gold_atoms_produced": 380631,
    "energy_deposited_mev": 11735182426119.85
  },
  "simulation_info": {
    "name": "sweep_1093",
    "timestamp": 1750391565.3493454,
    "duration_s": 8.702278137207031e-05
  }
}