{
  "parameters": {
    "beam_energy_mev": 11.5,
    "beam_current_ua": 10.0,
    "target_composition": {
      "Pb-208": 0.9,
      "Bi-209": 0.1
    },
    "target_mass_g": 4.0,
    "irradiation_time_s": 51784.19597835586
  },
  "results": {
    "total_reactions": 64626676580,
    "gold_atoms_produced": 447050,
    "energy_deposited_mev": 5574050855110.225
  },
  "simulation_info": {
    "name": "sweep_212",
    "timestamp": 1750391561.7023184,
    "duration_s": 9.989738464355469e-05
  }
}