{
  "parameters": {
    "beam_energy_mev": 11.0,
    "beam_current_ua": 10.0,
    "target_composition": {
      "Pb-208": 0.8,
      "Bi-209": 0.15,
      "Tl-203": 0.05
    },
    "target_mass_g": 4.0,
    "irradiation_time_s": 173985.48858858307
  },
  "results": {
    "total_reactions": 217133889758,
    "gold_atoms_produced": 3609563,
    "energy_deposited_mev": 17913545905080.51
  },
  "simulation_info": {
    "name": "sweep_177",
    "timestamp": 1750391561.3861096,
    "duration_s": 8.511543273925781e-05
  }
}