{
  "parameters": {
    "beam_energy_mev": 12.0,
    "beam_current_ua": 10.0,
    "target_composition": {
      "Pb-208": 0.9,
      "Bi-209": 0.1
    },
    "target_mass_g": 4.0,
    "irradiation_time_s": 40638.164100648806
  },
  "results": {
    "total_reactions": 50716428797,
    "gold_atoms_produced": 352206,
    "energy_deposited_mev": 4564478591784.873
  },
  "simulation_info": {
    "name": "sweep_271",
    "timestamp": 1750391561.9670653,
    "duration_s": 0.000110626220703125
  }
}