{
  "parameters": {
    "beam_energy_mev": 12.5,
    "beam_current_ua": 10.0,
    "target_composition": {
      "Pb-208": 1.0
    },
    "target_mass_g": 4.0,
    "irradiation_time_s": 282513.589326526
  },
  "results": {
    "total_reactions": 352576959479,
    "gold_atoms_produced": 22615969,
    "energy_deposited_mev": 33054089951203.535
  },
  "simulation_info": {
    "name": "sweep_319",
    "timestamp": 1750391562.17152,
    "duration_s": 6.508827209472656e-05
  }
}