{
  "parameters": {
    "beam_energy_mev": 19.5,
    "beam_current_ua": 10.0,
    "target_composition": {
      "Pb-208": 1.0
    },
    "target_mass_g": 4.0,
    "irradiation_time_s": 40638.164100648806
  },
  "results": {
    "total_reactions": 50716428797,
    "gold_atoms_produced": 121977,
    "energy_deposited_mev": 7417277711650.419
  },
  "simulation_info": {
    "name": "sweep_1151",
    "timestamp": 1750391565.563471,
    "duration_s": 7.224082946777344e-05
  }
}