{
  "parameters": {
    "beam_energy_mev": 18.0,
    "beam_current_ua": 10.0,
    "target_composition": {
      "Pb-208": 1.0
    },
    "target_mass_g": 4.0,
    "irradiation_time_s": 40638.164100648806
  },
  "results": {
    "total_reactions": 50716428797,
    "gold_atoms_produced": 196871,
    "energy_deposited_mev": 6846717887677.309
  },
  "simulation_info": {
    "name": "sweep_971",
    "timestamp": 1750391564.8686297,
    "duration_s": 8.058547973632812e-05
  }
}