{
  "parameters": {
    "beam_energy_mev": 20.0,
    "beam_current_ua": 10.0,
    "target_composition": {
      "Pb-208": 1.0
    },
    "target_mass_g": 4.0,
    "irradiation_time_s": 107148.65189872745
  },
  "results": {
    "total_reactions": 133721517569,
    "gold_atoms_produced": 709997,
    "energy_deposited_mev": 20058227635441.777
  },
  "simulation_info": {
    "name": "sweep_1215",
    "timestamp": 1750391565.852858,
    "duration_s": 4.9114227294921875e-05
  }
}