{
  "parameters": {
    "beam_energy_mev": 19.5,
    "beam_current_ua": 10.0,
    "target_composition": {
      "Pb-208": 0.9,
      "Bi-209": 0.1
    },
    "target_mass_g": 4.0,
    "irradiation_time_s": 51784.19597835586
  },
  "results": {
    "total_reactions": 64626676580,
    "gold_atoms_produced": 183394,
    "energy_deposited_mev": 9451651449969.51
  },
  "simulation_info": {
    "name": "sweep_1172",
    "timestamp": 1750391565.6502848,
    "duration_s": 9.1552734375e-05
  }
}