{
  "parameters": {
    "beam_energy_mev": 10.5,
    "beam_current_ua": 10.0,
    "target_composition": {
      "Pb-208": 1.0
    },
    "target_mass_g": 4.0,
    "irradiation_time_s": 136536.84686636098
  },
  "results": {
    "total_reactions": 170397984889,
    "gold_atoms_produced": 2031886,
    "energy_deposited_mev": 13418841310025.955
  },
  "simulation_info": {
    "name": "sweep_076",
    "timestamp": 1750391561.0210228,
    "duration_s": 3.0040740966796875e-05
  }
}