{
  "parameters": {
    "beam_energy_mev": 12.5,
    "beam_current_ua": 10.0,
    "target_composition": {
      "Pb-208": 1.0
    },
    "target_mass_g": 4.0,
    "irradiation_time_s": 221705.35598376938
  },
  "results": {
    "total_reactions": 276688284267,
    "gold_atoms_produced": 13928004,
    "energy_deposited_mev": 25939526650101.01
  },
  "simulation_info": {
    "name": "sweep_318",
    "timestamp": 1750391562.167101,
    "duration_s": 9.870529174804688e-05
  }
}