{
  "parameters": {
    "beam_energy_mev": 14.0,
    "beam_current_ua": 10.0,
    "target_composition": {
      "Pb-208": 1.0
    },
    "target_mass_g": 4.0,
    "irradiation_time_s": 40638.164100648806
  },
  "results": {
    "total_reactions": 50716428797,
    "gold_atoms_produced": 550404,
    "energy_deposited_mev": 5325225023749.019
  },
  "simulation_info": {
    "name": "sweep_491",
    "timestamp": 1750391562.93397,
    "duration_s": 7.939338684082031e-05
  }
}