{
  "parameters": {
    "beam_energy_mev": 10.5,
    "beam_current_ua": 10.0,
    "target_composition": {
      "Pb-208": 1.0
    },
    "target_mass_g": 4.0,
    "irradiation_time_s": 282513.589326526
  },
  "results": {
    "total_reactions": 352576959479,
    "gold_atoms_produced": 8699181,
    "energy_deposited_mev": 27765435559010.973
  },
  "simulation_info": {
    "name": "sweep_079",
    "timestamp": 1750391561.0290723,
    "duration_s": 3.24249267578125e-05
  }
}