{
  "parameters": {
    "beam_energy_mev": 20.0,
    "beam_current_ua": 10.0,
    "target_composition": {
      "Pb-208": 1.0
    },
    "target_mass_g": 4.0,
    "irradiation_time_s": 173985.48858858307
  },
  "results": {
    "total_reactions": 217133889758,
    "gold_atoms_produced": 1872016,
    "energy_deposited_mev": 32570083463782.742
  },
  "simulation_info": {
    "name": "sweep_1217",
    "timestamp": 1750391565.8601205,
    "duration_s": 6.985664367675781e-05
  }
}